Mun_id,Municipio,Poblacion_total,Porcentaje_pob_ext,Nacimiento_extranjero,Unión Europea ,Resto de Europa,África,América del Norte,América Central y del Caribe,América del Sur,Otros países de América_x,Asia,Oceanía,Albania,Austria,Belgica,Bulgaria,Chipre,Dinamarca,España,Finlandia,Francia,Grecia,Hungría,Irlanda,Islandia,Italia,Liechtenstein,Luxemburgo,Malta,Mónaco,Noruega,Países Bajos,Polonia,Portugal,Andorra,Reino Unido,Alemania,Rumanía,San Marino,Santa Sede,Suecia,Suiza,Ucrania,Letonia,Moldavia,Belarús,Georgia,Estonia,Lituania,República Checa,Eslovaquia,Bosnia y Herzegovina,Croacia,Eslovenia,Armenia,Rusia,Macedonia,Serbia,Montenegro,Otros países de Europa,Burkina Faso,Angola,Argelia,Benin,Botswana,Burundi,Cabo Verde,Camerún,Comoras,Congo,Costa de Marfil,Djibouti,Egipto,Etiopía,Gabón,Gambia,Ghana,Guinea,Guinea Bissau,Guinea Ecuatorial,Kenia,Lesotho,Liberia,Libia,Madagascar,Malawi,Mali,Marruecos,Mauricio,Mauritania,Mozambique,Namibia,Níger,Nigeria,República Centroafricana,Sudáfrica,Rwanda,Santo Tomé y Príncipe,Senegal,Seychelles,Sierra Leona,Somalia,Sudán,Swazilandia,Tanzania,Chad,Togo,Túnez,Uganda,República Democrática del Congo,Zambia,Zimbabwe,Eritrea,Sudán del Sur,Otros países de África,Canadá,Estados Unidos de América,México,Antigua y Barbuda,Bahamas,Barbados,Belice,Costa Rica,Cuba,Dominica,El Salvador,Granada,Guatemala,Haití,Honduras,Jamaica,Nicaragua,Panamá,San Vicente y Las Granadinas,República Dominicana,Trinidad Y Tobago,Santa Lucía,San Cristobal y Nieves,Argentina,Bolivia,Brasil,Colombia,Chile,Ecuador,Guyana,Paraguay,Perú,Surinám,Uruguay,Venezuela,Otros países de América_y,Afganistán,Arabia Saudita,Bahrein,Bangladesh,Myanmar,China,Emiratos Árabes Unidos,Filipinas,India,Indonesia,Iraq,Irán,Israel,Japón,Jordania,Camboya,Kuwait,Laos,Líbano,Malasia,Maldivas,Mongolia,Nepal,Omán,Pakistán,Qatar,Corea del Sur,Corea del Norte,Singapur,Siria,Sri Lanka,Tailandia,Turquía,Vietnam,Brunei,Islas Marshall,Yemen,Azerbaiyán,Kazajstán,Kirguistán,Tayikistán,Turkmenistán,Uzbekistán,Bhutan,Otros países de Asia,Australia,Fiji,Nueva Zelanda,Papua Nueva Guinea,Islas Salomón,Samoa,Tonga,Vanuatu,Micronesia,Tuvalu,Timor Oriental,Apátridas,Otros países de Oceanía,_merge
0014,Acebeda (La),55,3.6363637,2,54,0,0,0,0,1,0,0,0,0,0,0,0,0,0,1,0,1,0,0,0,0,0,0,0,0,0,0,0,0,0,0,0,0,0,0,0,0,0,0,0,0,0,0,0,0,0,0,0,0,0,0,0,0,0,0,0,0,0,0,0,0,0,0,0,0,0,0,0,0,0,0,0,0,0,0,0,0,0,0,0,0,0,0,0,0,0,0,0,0,0,0,0,0,0,0,0,0,0,0,0,0,0,0,0,0,0,0,0,0,0,0,0,0,0,0,0,0,0,0,0,0,0,0,0,0,0,0,0,0,0,0,0,0,0,0,0,0,0,0,0,0,0,0,0,0,0,0,0,0,0,0,0,0,0,0,0,0,0,0,0,0,0,0,0,0,0,0,0,0,0,0,0,0,0,0,0,0,0,0,0,0,0,0,0,0,0,0,0,0,0,0,0,0,0,0,0,0,0,0,0,0,0,0,0,0,both
0029,Ajalvir,4676,18.028229,843,4103,40,89,39,126,257,0,21,1,0,0,0,5,0,2,263,0,4,0,0,1,0,24,0,0,0,0,0,4,6,5,0,15,10,188,0,0,4,0,10,0,0,0,0,0,0,0,0,0,0,0,0,0,0,0,0,0,0,0,0,0,0,0,1,0,0,0,0,0,0,0,0,0,0,0,0,5,2,0,0,0,0,0,0,58,0,0,0,0,0,2,0,0,0,0,1,0,0,0,0,0,0,0,0,0,0,0,0,0,0,0,0,3,21,5,0,0,0,0,0,49,1,7,0,0,0,0,0,4,0,0,7,0,0,0,7,5,13,24,6,7,0,3,14,0,1,40,0,0,0,0,0,0,11,0,3,0,0,0,0,0,1,0,0,0,0,0,0,0,0,0,0,0,0,0,0,0,0,0,0,0,0,0,0,0,0,0,0,0,0,0,0,0,1,0,0,0,0,0,0,0,0,0,0,0,0,both
0035,Alameda del Valle,246,14.227642,35,213,1,0,2,0,30,0,0,0,0,0,0,0,0,0,6,0,0,0,0,0,0,4,0,0,0,0,0,0,0,0,0,1,0,2,0,0,0,0,0,0,0,0,0,0,0,0,0,0,0,0,0,0,0,0,0,0,0,0,0,0,0,0,0,0,0,0,0,0,0,0,0,0,0,0,0,0,0,0,0,0,0,0,0,0,0,0,0,0,0,0,0,0,0,0,0,0,0,0,0,0,0,0,0,0,0,0,0,0,0,0,0,0,2,0,0,0,0,0,0,0,0,0,0,0,0,0,0,0,0,0,0,0,0,0,2,0,0,6,0,0,0,0,2,0,0,10,0,0,0,0,0,0,0,0,0,0,0,0,0,0,0,0,0,0,0,0,0,0,0,0,0,0,0,0,0,0,0,0,0,0,0,0,0,0,0,0,0,0,0,0,0,0,0,0,0,0,0,0,0,0,0,0,0,0,0,both
0040,Alamo (El),9908,19.206701,1903,8366,73,561,22,214,628,0,43,1,3,1,0,9,1,0,612,0,6,1,1,0,0,27,0,0,0,0,0,0,21,15,0,8,1,240,0,0,0,0,30,0,13,0,0,0,0,1,0,0,0,0,2,2,0,0,0,0,0,0,2,0,0,0,0,2,0,0,0,0,0,0,0,0,0,0,0,6,0,0,0,0,0,0,2,411,0,0,0,0,1,1,0,0,0,0,0,0,0,0,0,0,0,0,0,0,0,0,0,0,0,0,0,0,3,8,0,0,0,0,1,49,0,2,0,0,0,53,0,7,0,0,23,0,0,0,13,10,23,131,11,23,0,15,26,0,7,48,0,0,0,0,0,0,18,0,2,0,0,0,2,0,0,0,0,0,0,1,0,0,0,0,0,7,0,0,0,0,1,0,0,0,0,0,0,0,0,0,0,0,0,0,0,0,0,0,0,0,0,0,0,0,0,0,0,0,0,both
0053,Alcalá de Henares,195982,19.332897,37889,172830,2351,3972,586,2989,11174,0,2053,27,12,13,11,1104,0,7,10385,1,131,8,38,35,1,597,0,2,0,0,4,48,951,299,0,122,105,10758,0,0,20,15,1346,11,216,6,4,2,6,19,6,4,6,6,21,81,1,20,0,0,0,15,79,2,0,0,8,29,0,18,13,0,12,1,0,22,42,12,106,400,7,0,1,12,0,4,71,1051,0,11,3,0,1,628,1,2,0,0,117,0,3,0,4,0,2,1,0,4,1,11,0,0,2,0,0,29,242,116,0,0,0,1,18,300,2,114,0,24,0,213,3,95,13,0,524,0,0,0,211,77,486,1561,116,353,0,160,637,0,54,1624,0,6,0,0,48,1,1174,0,34,59,1,5,88,2,53,3,0,0,0,2,2,0,4,17,1,118,0,59,1,1,33,6,6,30,7,0,0,11,1,4,1,0,0,3,0,8,7,0,1,0,0,0,0,0,0,0,0,1,0,both
0066,Alcobendas,116589,22.689962,26454,93495,1715,1849,888,3895,12635,0,2085,27,3,22,74,139,1,39,10905,13,470,20,25,44,2,670,0,2,2,0,5,90,100,412,0,398,245,956,0,0,74,57,171,0,18,9,413,1,28,21,2,0,12,3,106,77,1,6,0,0,6,12,43,1,0,0,7,12,0,1,32,0,18,10,1,2,13,6,3,13,8,0,2,17,1,0,10,889,1,2,0,0,1,14,0,5,0,3,26,0,3,37,0,1,0,2,0,5,0,8,0,0,4,0,0,22,169,162,0,0,0,0,13,120,2,432,0,108,3,677,0,215,19,0,601,0,0,0,293,139,349,1142,78,529,0,1131,929,0,24,885,0,3,26,0,29,1,528,0,366,22,15,16,113,53,25,8,2,0,0,6,2,1,0,8,5,29,0,78,0,11,96,0,3,18,28,0,0,6,10,4,0,0,0,0,0,21,3,0,3,0,0,1,0,1,0,0,0,16,0,both
0072,Alcorcón,170817,15.548803,26560,148448,2514,3618,273,2743,11637,0,1540,44,6,8,8,291,0,3,10818,0,55,15,12,21,0,425,0,0,0,0,1,21,232,201,1,56,58,2262,0,0,6,3,1690,5,65,8,33,0,10,6,3,4,11,3,70,74,0,8,2,0,1,28,33,0,0,2,27,40,0,4,16,0,12,0,6,0,47,23,7,228,0,0,1,3,0,1,15,1712,0,1,0,0,0,148,1,3,0,1,29,0,1,0,0,0,0,0,0,10,0,12,0,2,0,0,0,4,70,53,0,0,0,0,7,177,2,59,0,27,2,548,0,140,4,0,463,0,0,0,227,199,186,1212,89,539,0,228,1023,0,45,1154,0,4,2,0,24,0,793,0,26,18,5,13,18,5,14,1,0,0,0,5,0,0,0,1,0,193,0,22,0,0,18,0,2,11,3,0,0,0,1,3,2,1,0,0,0,3,4,0,0,0,0,0,0,0,0,0,0,1,0,both
0088,Aldea del Fresno,3085,19.027554,587,2631,16,231,4,24,162,0,17,0,0,0,1,4,0,1,172,0,1,0,0,1,0,6,0,0,0,0,0,0,7,4,0,1,1,93,0,0,0,1,9,0,0,0,1,0,0,0,0,0,1,0,0,4,0,0,0,0,0,0,0,0,0,0,0,0,0,0,0,0,0,0,0,0,0,0,0,0,0,0,0,0,0,0,0,191,0,0,0,0,0,1,0,0,0,0,0,0,0,0,0,0,0,0,0,0,0,0,0,0,0,0,0,0,2,0,0,0,0,0,0,9,0,0,0,0,0,0,0,4,0,0,0,0,0,0,7,4,5,11,5,3,0,7,13,0,2,6,0,0,0,0,0,0,8,0,0,0,0,0,0,0,1,0,0,0,0,0,0,0,0,0,0,0,0,0,0,0,0,0,0,0,0,0,0,0,0,0,0,0,0,0,0,0,0,0,0,0,0,0,0,0,0,0,0,0,0,both
0091,Algete,20749,17.610487,3654,17951,254,288,134,370,1480,0,266,6,0,9,11,47,0,1,1491,1,61,6,1,9,0,86,0,0,0,0,0,17,18,64,0,98,55,373,0,0,8,8,75,1,3,2,2,0,0,5,1,1,1,4,0,4,0,0,0,0,0,0,2,0,0,0,0,4,0,0,1,0,2,0,0,0,0,0,0,1,1,0,0,8,0,0,0,185,0,1,0,0,0,4,0,3,0,0,3,0,0,0,0,0,0,0,0,0,0,0,0,0,0,0,0,3,17,22,0,0,0,0,5,39,0,14,0,14,0,57,0,13,3,0,28,0,0,0,60,18,39,109,19,88,0,36,52,0,1,140,0,0,0,0,0,0,101,0,18,9,0,1,8,15,2,0,0,0,0,0,1,0,0,0,0,24,0,5,0,0,2,0,0,8,1,0,0,0,0,0,0,0,0,0,0,2,2,0,0,0,0,0,0,0,0,0,0,0,0,both
0105,Alpedrete,14959,12.58774,1883,13560,134,197,70,172,741,0,81,4,0,0,0,126,0,0,858,0,11,3,1,4,0,32,0,0,0,0,2,7,19,17,0,40,12,170,0,0,1,0,12,0,5,0,1,0,3,1,1,0,0,0,0,12,0,0,0,0,0,0,2,0,0,0,0,0,0,1,0,0,0,0,0,0,0,0,0,0,0,0,0,0,0,0,0,108,0,0,0,0,0,0,0,0,1,0,5,0,0,0,0,0,0,0,0,0,0,0,0,0,0,0,0,1,21,4,0,0,0,0,2,17,0,34,0,5,0,26,0,3,0,0,7,0,0,0,29,5,14,77,4,28,0,29,28,0,1,43,0,0,0,0,1,0,22,0,5,1,0,0,0,1,0,0,0,0,0,0,0,0,0,0,0,10,0,4,0,0,2,0,1,2,0,0,0,0,0,0,0,0,0,0,0,0,1,0,0,0,0,0,0,0,0,0,0,0,0,both
0112,Ambite,662,20.39275,135,606,1,7,3,13,25,0,6,1,0,0,3,3,0,0,22,0,0,0,0,0,0,3,0,0,0,0,0,0,0,5,0,0,1,65,0,0,0,1,0,0,0,0,0,0,0,0,0,0,0,0,0,0,0,0,0,0,0,0,0,0,0,0,1,1,0,0,0,0,0,0,0,0,0,0,0,0,0,0,0,0,0,0,0,3,0,0,0,0,0,0,0,0,0,0,0,0,0,0,0,0,0,0,0,0,0,0,0,0,0,0,0,0,2,0,0,0,0,0,0,1,0,1,0,0,0,0,0,0,0,0,5,0,0,0,1,0,0,5,1,1,0,0,0,0,0,4,0,0,0,0,0,0,0,0,0,0,0,0,0,0,0,0,0,0,0,0,0,0,0,0,0,0,0,0,0,0,6,0,0,0,0,0,0,0,0,0,0,0,0,0,0,0,0,0,0,0,0,0,0,0,0,0,0,0,0,both
0127,Anchuelo,1359,10.890361,148,1254,13,22,9,10,45,0,6,0,0,0,0,5,0,0,37,1,1,0,0,1,0,2,0,0,0,0,0,0,2,1,0,0,1,25,0,0,0,0,7,0,0,1,0,0,0,1,0,0,0,0,0,2,0,0,0,0,0,0,0,0,0,0,0,0,0,0,0,0,0,0,0,0,0,0,0,1,0,0,0,0,0,0,0,14,0,0,0,0,0,1,0,0,0,0,0,0,0,0,0,0,0,0,0,0,0,0,0,0,0,0,0,0,0,3,0,0,0,0,0,4,0,1,0,0,0,0,0,0,1,0,2,0,0,0,1,1,1,5,1,1,0,2,3,0,0,13,0,0,0,0,0,0,6,0,0,0,0,0,0,0,0,0,0,0,0,0,0,0,0,0,0,0,0,0,0,0,0,0,0,0,0,0,0,0,0,0,0,0,0,0,0,0,0,0,0,0,0,0,0,0,0,0,0,0,0,both
0133,Aranjuez,59833,17.375027,10396,51800,315,1804,165,850,4497,0,393,9,1,1,4,154,0,2,3401,2,35,3,13,5,4,258,0,0,0,0,0,11,37,115,0,31,39,1715,0,0,2,1,70,4,8,2,26,0,0,7,1,1,0,4,14,24,0,1,0,0,0,4,30,1,0,0,0,4,0,0,11,0,3,3,0,0,4,10,5,31,1,0,0,3,0,0,3,1220,0,2,1,0,0,16,0,1,0,0,9,0,1,0,0,0,0,0,0,4,0,2,0,0,2,0,1,4,26,37,0,0,1,0,2,121,0,68,0,23,0,167,0,27,2,0,75,0,0,0,101,129,100,631,25,136,0,166,162,0,23,670,0,0,0,0,1,0,238,0,9,16,2,0,5,4,5,0,0,0,0,6,1,0,0,0,0,17,0,6,0,1,7,0,1,2,0,0,0,0,0,4,0,0,0,0,0,4,2,0,0,0,0,0,0,0,0,0,0,1,0,both
0148,Arganda del Rey,56386,23.431349,13212,50266,333,645,82,688,3385,0,977,10,5,1,9,106,1,0,2941,1,30,0,8,6,0,190,0,0,0,0,0,9,56,111,0,16,16,6412,0,0,2,1,85,0,48,16,5,0,5,6,2,0,2,0,10,20,1,2,0,0,0,0,4,0,0,0,1,0,0,2,0,0,3,1,0,1,9,2,0,8,8,0,0,0,0,0,4,352,0,0,0,0,0,15,0,1,0,0,1,0,0,0,0,0,0,0,0,0,0,0,0,1,0,1,0,3,21,20,0,0,0,0,5,82,0,52,0,6,1,89,0,40,1,0,68,0,0,0,77,36,98,388,14,85,0,74,209,0,35,496,0,1,0,0,3,0,181,0,7,10,8,2,2,1,3,2,0,1,0,0,0,0,0,3,0,510,0,0,0,0,16,2,0,17,1,0,0,0,0,0,0,0,0,0,0,2,2,0,0,0,0,0,0,0,0,0,0,1,0,both
0151,Arroyomolinos,33687,11.066584,3728,30725,162,469,135,288,1540,0,358,10,0,1,7,35,0,2,1788,0,15,6,4,3,0,136,0,0,0,0,0,4,44,56,0,23,12,315,0,0,5,0,32,4,4,3,0,0,0,1,3,0,0,0,1,10,0,0,0,0,0,1,6,0,0,0,0,0,0,1,0,0,1,0,0,0,1,2,0,49,1,0,0,1,0,0,0,169,0,0,0,0,0,7,0,1,0,0,3,0,0,0,0,0,0,0,0,1,0,2,0,0,0,0,0,6,34,20,0,0,0,0,0,35,1,10,0,1,0,10,0,3,3,0,24,0,0,0,38,8,50,128,6,26,0,14,46,0,5,220,0,0,0,0,2,0,229,0,1,3,0,1,21,0,0,0,0,0,0,5,0,0,1,0,0,1,0,11,0,0,0,0,1,2,1,0,0,0,0,0,0,0,0,0,0,1,0,0,0,0,0,0,0,0,0,0,0,0,0,both
0164,Atazar (El),109,7.3394494,8,102,1,4,0,0,2,0,0,0,0,0,0,0,0,0,2,0,0,0,0,0,0,0,0,0,0,0,0,0,0,0,0,1,1,0,0,0,0,0,0,0,0,0,0,0,0,0,0,0,0,0,0,0,0,0,0,0,0,0,1,0,0,0,0,0,0,0,0,0,0,0,0,0,0,0,0,0,0,0,0,0,0,0,0,2,0,0,0,0,0,0,0,0,0,0,0,0,0,0,0,0,0,0,0,0,0,0,0,0,0,0,0,0,0,0,0,0,0,0,0,0,0,0,0,0,0,0,0,0,0,0,0,0,0,0,0,0,0,0,0,0,0,0,0,0,0,1,0,0,0,0,0,0,0,0,0,0,0,0,0,0,0,0,0,0,0,0,0,0,0,0,0,0,0,0,0,0,0,0,0,0,0,0,0,0,0,0,0,0,0,0,0,0,0,0,0,0,0,0,0,0,0,0,0,0,0,both
0170,Batres,1820,12.032967,219,1677,17,13,8,15,77,0,12,1,0,0,1,7,0,0,74,0,3,0,0,0,0,10,0,0,0,0,0,1,6,0,0,4,3,38,0,0,1,0,1,0,3,0,0,0,0,0,1,0,0,0,0,3,0,0,0,0,0,0,0,0,0,0,0,0,0,0,0,0,0,0,0,0,0,0,0,0,0,0,0,0,0,0,0,5,0,0,0,0,0,0,0,0,0,0,1,0,0,0,0,0,0,0,0,1,0,0,0,0,0,0,0,0,2,1,0,0,0,0,0,0,0,0,0,0,0,9,0,2,1,0,1,0,0,0,2,0,6,7,0,4,0,1,9,0,0,2,0,0,0,0,0,0,1,0,2,0,0,0,6,0,0,0,0,0,0,0,0,0,0,0,0,0,0,0,0,0,0,0,0,0,0,0,0,0,0,0,0,0,0,0,0,0,0,0,0,0,0,0,0,0,0,0,0,0,0,both
0186,Becerril de la Sierra,6108,14.849378,907,5380,50,248,27,43,333,0,25,2,0,0,2,27,0,0,310,0,3,1,0,0,0,17,0,0,0,0,1,2,12,9,0,13,6,77,0,0,4,0,7,0,0,0,1,0,1,0,0,0,0,0,0,4,0,0,0,0,0,0,3,0,0,0,0,0,0,0,0,0,0,0,0,0,0,0,0,0,0,0,0,0,0,0,0,182,0,0,0,0,0,0,0,0,0,0,0,0,0,0,0,0,1,0,0,0,0,0,0,0,0,0,0,0,6,6,0,0,0,0,0,3,0,1,0,1,0,11,0,3,0,0,4,0,0,0,8,4,5,77,7,6,0,22,23,0,2,20,0,0,0,0,0,0,12,0,0,0,0,0,1,0,0,0,0,0,0,0,0,0,0,0,0,0,0,0,0,0,1,0,0,0,0,0,0,0,0,0,0,0,0,0,0,1,0,0,0,0,0,0,0,0,0,0,0,0,0,both
0199,Belmonte de Tajo,1751,11.479155,201,1636,11,13,4,12,72,0,3,0,0,0,0,7,0,0,51,0,1,0,0,0,0,8,0,0,0,0,2,1,1,0,0,1,0,66,0,0,0,0,5,0,0,0,0,0,0,0,0,0,0,0,0,0,0,1,0,0,0,0,5,0,0,0,0,0,0,0,0,0,0,0,0,0,0,0,0,0,0,0,0,0,0,0,0,2,0,0,0,0,0,0,0,0,0,0,0,0,0,0,0,0,0,0,0,0,0,0,0,0,0,0,0,0,2,0,0,0,0,0,0,0,0,0,0,0,0,3,0,3,0,0,1,0,0,0,2,2,0,12,0,3,0,5,13,0,0,1,0,0,0,0,0,0,0,0,0,0,0,0,0,0,0,0,0,0,0,0,0,0,0,0,0,3,0,0,0,0,0,0,0,0,0,0,0,0,0,0,0,0,0,0,0,0,0,0,0,0,0,0,0,0,0,0,0,0,0,both
0203,Berzosa del Lozoya,216,12.5,27,195,1,3,0,2,15,0,0,0,0,0,0,1,0,0,13,0,0,0,0,0,0,0,0,0,0,0,0,0,1,0,0,0,1,2,0,0,0,0,1,0,0,0,0,0,0,0,0,0,0,0,0,0,0,0,0,0,0,0,0,0,0,0,0,0,0,0,0,0,0,0,0,0,0,0,0,0,0,0,0,0,0,0,0,2,0,0,0,0,0,0,0,0,0,0,0,0,0,0,0,0,0,0,0,0,0,0,0,0,0,0,0,0,0,0,0,0,0,0,0,1,0,0,0,0,0,0,0,0,0,0,0,0,0,0,0,0,1,2,0,0,0,1,1,0,0,0,0,0,0,0,0,0,0,0,0,0,0,0,0,0,0,0,0,0,0,0,0,0,0,0,0,0,0,0,0,0,0,0,0,0,0,0,0,0,0,0,0,0,0,0,0,0,0,0,0,0,0,0,0,0,0,0,0,0,0,both
0210,Berrueco (El),796,13.316583,106,715,10,27,7,10,24,0,3,0,0,0,0,0,0,0,42,0,0,0,0,0,0,3,0,0,0,0,0,0,2,1,0,5,1,16,0,0,0,0,0,0,0,0,0,0,0,0,0,0,0,0,0,1,0,0,0,0,0,0,0,0,0,0,0,0,0,0,0,0,0,0,0,0,0,0,0,0,0,0,0,0,0,0,0,15,0,0,0,0,0,0,0,0,0,0,0,0,0,0,0,0,0,0,0,0,0,0,0,0,0,0,0,0,0,6,0,0,0,0,0,3,0,0,0,0,0,1,0,0,0,0,2,0,0,0,1,1,0,0,2,0,0,1,1,0,1,0,0,0,0,0,0,0,1,0,0,0,0,0,0,0,0,0,0,0,0,0,0,0,0,0,0,0,0,0,0,0,0,0,0,0,0,0,0,0,0,0,0,0,0,0,0,0,0,0,0,0,0,0,0,0,0,0,0,0,0,both
0225,Boadilla del Monte,59052,13.445777,7940,52628,534,303,608,522,3677,0,753,27,1,8,21,53,1,6,3666,11,150,24,5,19,2,370,0,1,0,0,7,55,62,165,0,151,92,422,0,0,16,9,51,1,5,6,3,1,8,2,3,1,3,3,0,23,2,1,0,0,0,9,5,0,0,0,4,0,0,2,1,0,2,0,0,0,2,1,0,7,3,0,0,0,0,0,1,80,0,0,0,0,0,2,0,8,0,0,4,0,0,0,0,0,0,0,0,0,0,0,0,0,0,0,0,15,113,115,0,0,0,0,3,40,0,7,0,4,0,165,0,22,11,0,21,0,0,0,164,49,139,263,44,32,0,127,129,0,20,334,0,0,0,0,2,0,325,0,58,39,1,4,16,1,14,0,0,0,0,4,0,0,0,2,0,8,0,29,0,0,7,0,0,25,3,0,0,0,0,1,0,0,5,0,0,6,8,0,2,0,0,1,0,0,0,0,0,1,0,both
0231,Boalo (El),8009,13.509802,1082,7306,60,171,35,48,345,0,40,4,0,0,4,129,0,0,385,0,20,2,1,3,0,20,0,0,0,0,0,4,8,11,0,23,18,110,0,0,1,0,3,0,1,0,0,0,0,2,4,0,0,0,0,4,0,2,0,0,0,0,0,0,0,0,0,1,0,0,0,0,0,0,0,0,0,0,0,0,0,0,0,1,0,0,0,116,0,0,0,0,0,0,0,1,0,0,0,0,0,0,0,0,0,0,0,0,0,0,0,0,0,0,0,0,3,6,0,0,0,0,0,5,0,4,0,0,0,4,0,0,0,0,8,0,0,0,11,22,16,23,10,3,0,36,10,0,2,22,0,0,0,0,5,0,8,0,1,0,0,0,3,0,0,0,0,0,0,0,0,0,0,0,0,3,0,0,0,0,0,0,0,0,0,0,0,0,0,0,0,0,0,0,0,0,0,0,3,0,0,0,0,0,0,0,0,0,0,both
0246,Braojos,218,10.091743,22,209,0,2,1,0,6,0,0,0,0,0,0,0,0,0,4,0,0,0,0,0,0,0,0,0,0,0,0,0,0,5,0,0,0,6,0,0,0,0,0,0,0,0,0,0,0,0,0,0,0,0,0,0,0,0,0,0,0,0,0,0,0,0,0,0,0,0,0,0,0,0,0,0,0,0,0,0,0,0,0,0,0,0,0,1,0,0,0,0,0,0,0,0,0,0,0,0,0,0,0,0,0,0,0,0,0,0,0,0,0,0,0,0,0,1,0,0,0,0,0,0,0,0,0,0,0,0,0,0,0,0,0,0,0,0,0,1,1,3,0,0,0,0,0,0,0,0,0,0,0,0,0,0,0,0,0,0,0,0,0,0,0,0,0,0,0,0,0,0,0,0,0,0,0,0,0,0,0,0,0,0,0,0,0,0,0,0,0,0,0,0,0,0,0,0,0,0,0,0,0,0,0,0,0,0,0,both
0259,Brea de Tajo,523,14.149139,74,487,0,12,0,3,20,0,1,0,0,0,0,0,0,0,16,0,3,0,0,0,0,0,0,0,0,0,0,0,1,4,0,0,0,27,0,0,0,0,0,0,0,0,0,0,1,0,0,0,1,0,0,0,0,0,0,0,0,0,0,0,0,0,0,1,0,0,0,0,0,0,0,0,0,0,0,0,0,0,0,0,0,0,0,8,0,0,0,0,0,0,0,0,0,0,0,0,0,0,0,0,0,0,0,0,0,0,0,0,0,0,0,0,0,0,0,0,0,0,0,0,0,0,0,0,0,0,0,0,0,0,1,0,0,0,2,1,0,0,0,5,0,0,0,0,0,3,0,0,0,0,0,0,0,0,0,0,0,0,0,0,0,0,0,0,0,0,0,0,0,0,0,0,0,0,0,0,0,0,0,0,0,0,0,0,0,0,0,0,0,0,0,0,0,0,0,0,0,0,0,0,0,0,0,0,0,both
0262,Brunete,10726,23.000187,2467,9317,106,273,40,163,769,0,54,4,0,0,7,24,0,0,659,0,35,7,2,3,0,66,0,0,0,0,0,4,20,39,0,20,10,823,0,0,2,0,28,2,8,0,7,0,1,1,0,0,0,0,0,8,0,0,0,0,1,0,1,0,0,0,0,0,0,0,0,0,2,0,0,0,0,0,0,4,0,0,0,0,0,0,2,176,0,0,0,0,0,1,0,0,0,0,2,0,0,0,3,0,1,0,0,0,0,0,0,0,0,0,0,0,13,8,0,0,0,0,0,8,0,11,0,0,0,74,0,3,0,0,11,0,0,0,29,29,15,81,10,20,0,40,27,0,1,78,0,0,0,0,0,0,25,0,1,0,0,0,1,0,0,0,0,0,0,4,0,0,0,1,0,5,0,1,0,0,0,0,0,0,0,0,0,0,0,1,0,0,0,0,0,1,0,0,0,0,0,0,0,0,0,0,0,0,0,both
0278,Buitrago del Lozoya,1940,25.824741,501,1622,26,67,8,44,138,0,35,0,4,0,0,85,0,0,104,0,0,0,0,0,0,2,0,0,0,0,0,0,12,3,0,1,0,79,0,0,0,0,13,0,0,0,0,0,0,0,0,0,0,0,0,2,0,0,0,1,0,0,0,0,0,0,0,0,0,0,0,0,0,0,0,0,0,0,0,0,0,0,0,0,0,0,0,34,0,0,0,0,0,0,0,0,0,0,0,0,0,7,0,0,0,0,0,0,0,0,0,0,0,0,0,0,0,6,0,0,0,0,2,2,0,12,0,0,0,1,0,4,0,0,7,0,0,0,3,2,8,44,1,3,0,1,11,0,1,14,0,0,0,0,0,0,19,0,0,0,0,0,0,0,0,0,0,0,0,0,0,0,0,0,0,0,0,0,0,0,13,0,0,0,0,0,0,0,0,0,0,0,0,0,0,0,0,0,0,0,0,0,0,0,0,0,0,0,0,both
0284,Bustarviejo,2701,14.068863,380,2385,35,90,10,36,129,0,15,1,0,1,1,2,0,1,156,0,0,0,0,1,0,12,0,0,0,0,0,0,16,3,0,2,2,15,0,0,0,0,15,0,0,2,0,0,0,0,1,0,0,0,0,6,0,0,0,0,0,0,0,0,0,0,0,0,0,0,0,0,0,0,0,2,0,0,0,0,0,0,0,0,0,0,0,51,0,0,0,0,0,0,0,0,0,0,3,0,0,0,0,0,0,0,0,0,0,0,0,0,0,0,0,0,2,3,0,0,0,0,0,3,0,0,0,4,0,12,0,4,0,0,1,0,0,0,8,3,1,18,0,1,0,0,11,0,2,7,0,0,0,0,0,0,2,0,0,0,0,0,0,0,2,0,0,0,0,0,0,0,0,0,0,0,0,0,0,0,1,0,2,0,1,0,0,0,0,0,0,0,0,0,0,0,0,0,0,0,0,0,0,0,0,0,0,0,0,both
0297,Cabanillas de la Sierra,837,12.066906,101,755,13,12,4,16,37,0,0,0,0,0,0,2,0,0,37,0,2,0,0,1,0,5,0,0,0,0,0,1,1,2,0,5,3,1,0,0,0,0,3,0,0,0,0,0,0,0,0,0,0,0,0,1,0,0,0,0,0,0,0,0,0,0,0,0,0,0,0,0,0,0,0,0,0,0,0,0,0,0,0,0,0,0,0,4,0,0,0,0,0,0,0,0,0,0,0,0,0,0,0,0,0,0,0,0,0,0,0,0,0,0,0,0,1,1,0,0,0,0,0,0,0,7,0,0,0,5,0,1,0,0,1,0,0,0,1,2,0,3,1,1,0,5,0,0,0,4,0,0,0,0,0,0,0,0,0,0,0,0,0,0,0,0,0,0,0,0,0,0,0,0,0,0,0,0,0,0,0,0,0,0,0,0,0,0,0,0,0,0,0,0,0,0,0,0,0,0,0,0,0,0,0,0,0,0,0,both
0301,Cabrera (La),2782,19.662113,547,2455,53,115,6,36,110,0,7,0,0,1,0,37,0,0,157,0,2,0,1,0,0,8,0,0,0,0,0,0,9,7,0,6,3,141,0,0,0,0,39,0,2,0,0,0,0,0,0,0,0,0,0,1,0,0,0,0,0,0,9,0,0,0,0,0,0,0,1,0,1,0,0,4,0,0,0,0,0,0,0,0,0,0,0,55,0,0,0,0,0,0,0,0,0,0,1,0,0,0,0,0,0,0,0,0,0,0,0,0,0,0,0,1,1,2,0,0,0,0,1,3,0,4,0,1,0,12,0,1,0,0,0,0,0,0,2,1,1,6,9,2,0,5,0,0,2,3,0,0,0,0,0,0,5,0,0,0,0,0,0,0,0,0,0,0,0,0,0,0,0,0,0,0,0,0,0,0,0,0,0,0,0,0,0,0,0,0,0,0,0,0,0,0,0,0,0,0,0,0,0,0,0,0,0,0,0,both
0318,Cadalso de los Vidrios,3203,15.672807,502,2903,17,178,5,22,75,0,3,0,0,0,0,6,0,0,70,0,0,0,0,0,0,6,0,0,0,0,0,0,13,7,0,3,1,168,0,0,0,0,8,0,0,0,0,0,0,0,0,0,0,0,0,1,0,0,0,0,0,2,2,0,0,0,0,0,0,0,0,0,0,0,0,0,0,0,0,2,1,0,0,0,0,0,0,148,0,0,0,0,0,2,0,0,0,0,0,0,0,0,0,0,0,0,0,0,0,0,0,0,0,0,0,1,0,3,0,0,0,0,4,3,0,3,0,0,0,2,0,1,0,0,3,0,0,0,4,7,0,5,1,2,0,3,6,0,0,11,0,0,0,0,0,0,1,0,0,0,0,0,0,0,0,0,0,0,0,0,0,0,0,0,0,0,0,0,0,0,1,0,0,0,0,0,0,0,0,0,0,0,0,0,0,0,0,0,0,1,0,0,0,0,0,0,0,0,0,both
0323,Camarma de Esteruelas,7555,13.990735,1057,6882,33,94,73,105,306,0,61,1,0,0,2,33,0,1,322,0,7,0,0,0,0,23,0,0,0,0,0,3,22,10,0,9,3,239,0,0,1,0,13,0,1,0,0,0,1,1,4,0,0,0,0,2,0,1,0,0,2,0,1,0,0,0,0,0,0,0,0,0,0,0,0,1,0,0,0,2,0,0,0,0,0,0,0,52,0,0,0,0,0,6,0,0,0,0,0,0,0,0,0,0,0,0,0,0,0,0,0,0,0,0,0,0,72,1,0,0,0,0,0,10,1,13,0,0,0,4,0,18,0,0,17,0,0,0,13,4,16,23,5,13,1,5,6,0,1,26,0,0,0,0,0,0,28,0,2,1,0,0,4,1,1,0,0,0,0,0,0,0,0,0,0,0,0,9,0,0,0,0,0,0,0,0,0,0,0,0,0,0,0,0,0,0,0,0,0,0,0,0,0,0,0,0,0,0,0,both
0339,Campo Real,6416,18.298004,1174,5874,24,102,17,63,297,0,38,1,0,0,3,37,0,0,288,1,2,0,0,2,0,15,0,0,0,0,0,0,5,15,0,4,3,513,0,0,1,0,1,0,3,1,0,0,2,0,0,0,0,0,0,2,0,0,0,0,0,0,0,0,0,0,0,1,0,1,0,0,0,0,0,0,0,1,0,0,0,0,0,0,0,0,0,78,0,0,0,0,0,4,0,0,0,0,0,0,0,0,0,0,0,0,0,0,0,0,0,0,0,0,0,0,5,2,0,0,0,0,0,13,0,0,0,0,0,5,0,2,0,0,8,0,0,0,7,4,8,31,2,8,0,11,24,0,2,27,0,6,0,0,0,0,13,0,0,0,0,0,3,0,0,0,0,0,0,0,0,0,0,0,0,8,0,0,0,0,2,0,0,0,0,0,0,0,0,0,0,0,0,0,0,0,0,0,0,0,0,0,0,0,0,0,0,0,0,both
0344,Canencia,461,10.4121475,48,428,2,9,5,5,12,0,0,0,0,0,0,3,0,0,15,0,0,0,0,0,0,0,0,0,0,0,0,1,1,0,0,1,0,9,0,0,0,0,0,0,0,0,0,0,0,0,0,0,0,0,0,1,0,0,0,0,0,0,0,0,0,0,0,0,0,0,0,0,0,0,0,0,0,0,0,0,0,0,0,0,0,0,0,7,0,0,0,0,0,0,0,0,0,0,0,0,0,0,0,0,0,0,0,0,0,0,0,0,0,0,0,0,2,0,0,0,0,0,0,2,0,0,0,0,0,0,0,0,0,0,0,0,0,0,2,0,0,0,0,2,0,0,0,0,0,2,0,0,0,0,0,0,0,0,0,0,0,0,0,0,0,0,0,0,0,0,0,0,0,0,0,0,0,0,0,0,0,0,0,0,0,0,0,0,0,0,0,0,0,0,0,0,0,0,0,0,0,0,0,0,0,0,0,0,0,both
0357,Carabaña,2142,18.814192,403,1937,16,19,7,47,103,0,13,0,0,0,0,2,0,0,91,0,1,0,0,0,0,1,0,0,0,0,0,0,3,0,0,6,1,182,0,0,0,0,6,0,3,0,0,0,0,0,0,0,0,0,0,0,0,0,0,0,0,0,1,0,0,0,0,0,0,0,0,0,0,0,0,1,0,0,0,0,0,0,0,0,0,0,0,15,0,0,0,0,0,1,0,0,0,0,0,0,0,0,0,0,0,0,0,0,0,0,0,0,0,0,0,0,0,1,0,0,0,0,0,0,0,0,0,5,0,7,0,6,0,0,8,0,0,0,1,1,4,14,5,6,0,3,10,0,0,5,0,0,0,0,0,0,8,0,0,0,0,0,1,0,0,0,0,0,0,0,0,0,0,0,0,0,0,0,0,0,4,0,0,0,0,0,0,0,0,0,0,0,0,0,0,0,0,0,0,0,0,0,0,0,0,0,0,0,0,both
0360,Casarrubuelos,3939,10.002539,394,3640,10,72,5,19,167,0,26,0,0,0,0,4,0,0,150,0,0,0,1,0,0,9,0,0,0,0,0,0,1,7,0,0,1,74,0,0,0,0,2,0,3,1,0,0,0,0,0,0,0,0,0,0,0,0,0,0,0,0,1,0,0,0,0,0,0,0,0,0,0,0,0,0,0,0,1,6,0,0,0,16,0,0,0,22,0,0,0,0,0,0,0,0,0,0,0,0,0,0,0,0,0,0,0,0,0,0,0,0,0,0,0,0,0,2,0,0,0,0,0,4,0,0,0,0,0,2,0,1,0,0,2,0,0,0,2,1,1,21,1,10,0,1,6,0,3,13,0,0,0,0,0,0,21,0,0,0,0,0,0,0,0,0,0,0,0,0,0,0,0,0,0,0,0,0,0,0,4,0,0,0,0,0,0,0,0,0,0,0,0,0,0,0,0,0,0,0,0,0,0,0,0,0,0,0,0,both
0376,Cenicientos,2083,12.337975,257,1920,6,110,0,12,29,0,6,0,0,0,0,2,0,0,51,0,0,0,0,0,0,2,0,0,0,0,0,0,0,2,0,0,0,84,0,0,0,0,0,0,0,0,0,0,0,0,0,0,0,0,0,0,0,0,0,0,0,0,1,0,0,0,0,0,0,0,0,0,0,0,0,0,0,0,0,0,0,0,0,0,0,0,0,91,0,0,0,0,0,0,0,0,0,0,1,0,0,0,0,0,0,0,0,0,0,0,0,0,0,0,0,0,0,0,0,0,0,0,0,4,0,0,0,0,0,2,0,0,0,0,1,0,0,0,0,0,0,4,1,1,0,3,3,0,0,1,0,0,0,0,0,0,2,0,0,0,0,0,0,0,0,0,0,0,0,0,0,0,0,0,0,0,0,0,0,0,1,0,0,0,0,0,0,0,0,0,0,0,0,0,0,0,0,0,0,0,0,0,0,0,0,0,0,0,0,both
0382,Cercedilla,7359,15.844544,1166,6413,80,362,25,145,291,0,39,4,0,1,2,34,0,0,334,0,9,0,0,4,0,21,0,0,0,0,0,7,16,7,0,34,6,77,0,0,1,0,18,0,0,1,0,0,0,1,1,0,0,0,0,9,0,0,0,0,0,0,0,0,0,0,0,1,0,0,0,0,0,0,0,0,0,1,0,0,0,0,0,0,0,0,1,293,0,0,0,0,0,0,0,1,0,0,0,0,0,0,0,0,0,0,0,0,0,0,0,0,0,0,0,0,10,7,0,0,0,0,0,6,0,2,0,1,0,53,0,5,3,0,27,0,0,0,13,2,17,42,4,17,0,5,25,0,7,10,0,0,0,0,0,0,17,0,1,1,0,0,0,0,1,0,0,0,0,0,0,0,0,0,0,6,0,0,0,0,1,0,0,1,0,0,0,0,0,0,0,0,0,0,0,0,0,0,2,0,0,0,0,0,0,0,0,0,0,both
0395,Cervera de Buitrago,158,8.227848,13,148,0,4,0,0,6,0,0,0,0,0,0,0,0,0,6,0,0,0,0,0,0,1,0,0,0,0,0,0,0,0,0,0,0,2,0,0,0,0,0,0,0,0,0,0,0,0,0,0,0,0,0,0,0,0,0,0,0,0,0,0,0,0,0,0,0,0,0,0,0,0,0,0,0,0,0,0,0,0,0,0,0,0,0,3,0,0,0,0,0,0,0,0,0,0,0,0,0,0,0,0,0,0,0,0,0,0,0,0,0,0,0,0,0,0,0,0,0,0,0,0,0,0,0,0,0,0,0,0,0,0,0,0,0,0,1,0,0,0,0,0,0,0,0,0,0,0,0,0,0,0,0,0,0,0,0,0,0,0,0,0,0,0,0,0,0,0,0,0,0,0,0,0,0,0,0,0,0,0,0,0,0,0,0,0,0,0,0,0,0,0,0,0,0,0,0,0,0,0,0,0,0,0,0,0,0,both
0409,Ciempozuelos,25083,21.83152,5476,21059,191,1102,37,392,2140,0,160,2,2,2,1,125,0,1,1916,0,10,2,2,1,0,64,0,0,0,0,2,4,102,53,0,14,9,993,0,0,0,0,77,0,18,0,4,1,5,4,0,0,0,0,17,6,0,0,0,0,1,2,5,0,0,0,26,10,0,2,1,0,0,0,0,0,0,3,2,37,1,0,0,0,0,0,3,629,0,0,0,0,0,56,0,1,1,0,4,0,0,0,0,0,0,0,2,0,0,0,0,0,0,0,0,2,8,8,0,0,0,0,2,50,1,19,0,11,0,50,0,4,2,0,38,0,0,0,46,23,52,277,17,89,0,32,144,0,13,235,0,1,0,0,1,0,61,0,6,1,0,5,2,0,0,7,0,0,0,0,0,0,0,1,0,5,0,0,0,0,27,0,0,0,0,0,0,0,0,0,0,0,0,4,0,11,0,0,0,0,0,0,0,0,0,0,0,0,0,both
0416,Cobeña,7444,16.389038,1220,6711,100,53,34,74,421,0,48,3,0,0,5,4,0,0,423,6,32,3,0,4,0,35,0,0,0,0,1,13,12,20,0,33,15,298,0,0,2,0,11,0,20,0,0,1,0,0,0,0,1,0,0,0,0,0,0,0,0,0,0,0,0,0,0,0,0,0,0,0,0,0,0,0,0,0,0,2,0,0,0,0,0,0,0,24,0,0,0,0,0,0,0,0,0,0,0,0,0,0,0,0,0,0,0,0,0,0,0,0,0,0,0,0,11,3,0,0,0,0,0,6,0,8,0,0,0,19,0,2,0,0,7,0,0,0,14,9,17,56,3,3,0,23,9,0,1,35,0,0,0,0,0,0,13,0,1,0,0,0,2,2,0,1,0,0,0,0,0,0,0,0,0,6,0,0,0,0,2,0,0,0,2,0,0,0,0,0,0,0,0,0,0,0,0,0,0,0,0,0,0,0,0,0,0,0,0,both
0421,Colmenar del Arroyo,1875,19.52,366,1569,11,145,6,9,127,0,8,0,0,0,1,11,0,0,157,0,0,0,1,1,0,3,0,0,0,0,0,0,2,3,0,5,2,25,0,0,0,1,0,0,0,0,0,0,0,0,0,0,0,0,0,0,0,0,0,0,0,0,0,0,0,0,0,0,0,0,0,0,0,0,0,0,0,0,0,0,0,0,0,0,0,0,0,82,0,0,0,0,0,0,0,0,0,0,0,0,0,0,0,0,0,0,0,0,0,0,0,0,0,0,0,0,1,1,0,0,0,0,0,0,0,0,0,0,0,1,0,1,0,0,3,0,0,0,3,5,5,26,1,10,0,0,4,0,0,5,0,0,0,0,0,0,2,0,0,2,0,0,0,0,0,0,1,0,0,0,0,0,1,0,0,0,0,0,0,0,0,0,0,0,0,0,0,0,0,0,0,0,0,0,0,0,0,0,0,0,0,0,0,0,0,0,0,0,0,both
0437,Colmenar de Oreja,8303,11.4536915,951,7676,35,122,26,55,355,0,32,2,0,1,3,4,0,0,326,0,11,0,0,0,0,21,0,0,0,0,0,0,15,11,1,4,1,228,0,0,0,1,9,0,4,1,0,0,0,1,0,3,0,0,0,2,0,0,0,0,0,0,2,0,0,0,0,0,0,0,0,0,1,0,0,0,0,0,0,1,0,0,0,0,0,0,0,80,0,1,0,0,0,1,0,0,0,0,0,0,0,0,0,0,0,0,0,0,0,1,0,0,0,0,0,0,9,13,0,0,0,0,0,5,0,2,0,3,0,6,0,5,0,0,6,0,0,0,9,8,12,23,6,36,0,11,8,0,1,21,0,0,0,0,2,0,15,0,0,0,0,1,0,1,0,0,0,0,0,0,0,0,0,0,0,11,0,0,0,0,0,1,0,1,0,0,0,0,0,0,0,0,0,0,0,0,1,0,0,0,0,0,0,0,0,0,0,0,0,both
0442,Colmenarejo,9376,17.790102,1668,8155,90,250,48,84,692,1,55,1,0,2,3,7,0,0,678,0,8,0,0,4,0,40,0,0,0,0,0,6,3,20,0,18,10,299,0,0,1,1,26,2,1,2,0,0,0,1,0,1,0,0,0,4,0,1,0,0,0,0,0,0,0,0,0,0,0,0,1,0,1,0,0,1,0,0,0,0,0,0,0,0,0,0,0,165,0,0,0,0,0,0,0,0,0,0,0,0,0,0,0,0,0,0,0,1,0,0,0,0,0,0,0,1,8,8,0,0,0,0,2,3,0,15,0,0,0,23,0,3,0,0,4,0,0,0,9,3,21,75,4,37,0,11,57,0,3,39,1,0,0,0,0,0,20,0,1,0,0,0,0,0,4,0,0,0,0,1,0,0,0,0,0,8,0,0,0,0,0,0,0,0,0,0,0,0,0,0,0,0,0,0,0,0,0,0,0,0,0,0,0,0,0,0,0,0,0,both
0455,Colmenar Viejo,52480,19.081554,10014,44445,355,1382,225,881,4803,0,378,11,0,3,10,226,0,5,4064,7,81,5,5,11,1,226,0,0,0,0,3,33,90,102,0,82,58,1020,0,0,6,4,44,1,13,2,6,0,3,4,2,0,3,0,0,34,0,5,0,0,0,14,8,0,0,0,0,4,0,4,0,0,2,4,0,0,2,3,0,0,0,0,0,0,0,0,2,924,0,0,0,0,1,16,0,1,0,0,2,0,1,0,1,0,0,0,0,1,0,3,0,1,0,0,0,4,45,42,1,0,0,0,1,97,0,71,0,4,0,192,0,16,1,0,83,0,0,0,92,65,88,316,26,445,0,468,192,0,4,315,0,0,0,0,2,0,154,0,8,14,5,0,5,1,11,1,0,0,0,0,0,0,0,0,0,67,0,4,0,5,0,0,1,2,7,0,0,0,0,1,0,0,0,0,0,0,3,0,1,0,0,0,0,0,0,0,0,1,0,both
0468,Collado Mediano,7348,18.535656,1362,6400,76,370,49,71,347,0,31,4,0,3,1,217,0,2,477,1,5,0,2,4,0,30,0,1,0,0,0,5,7,15,0,27,6,58,0,0,3,4,12,0,1,1,0,0,1,3,0,0,0,0,0,4,0,0,0,0,0,0,0,0,0,0,0,2,0,0,0,0,1,0,0,0,0,0,0,0,0,0,0,0,0,0,0,253,0,0,0,0,0,1,0,0,0,0,0,0,0,0,0,0,0,0,0,0,0,0,0,0,0,0,0,0,9,14,0,0,0,0,0,2,0,6,0,2,0,28,0,8,0,0,4,0,0,0,10,1,17,37,1,13,0,6,13,0,4,24,0,0,0,0,0,0,8,0,1,0,0,0,1,0,1,0,0,0,0,0,0,0,0,0,0,2,0,0,0,0,0,0,0,0,0,0,0,0,0,0,0,0,0,0,0,0,3,0,0,0,0,0,0,0,0,0,0,0,0,both
0474,Collado Villalba,63825,24.924402,15908,51015,534,2662,165,1235,7786,0,413,15,2,1,4,1204,0,1,6179,1,32,2,6,11,0,245,0,0,0,0,1,17,98,96,0,57,36,1195,0,0,4,2,228,2,13,3,9,1,1,3,1,1,3,1,6,39,0,2,0,0,0,2,19,1,0,0,15,3,0,1,2,0,5,2,0,2,0,6,0,12,0,0,2,0,0,0,4,1840,0,4,2,0,0,12,0,1,1,0,13,0,2,0,0,0,0,2,0,2,0,0,0,0,0,0,0,2,33,34,0,0,0,0,8,64,0,160,0,13,2,305,0,27,1,0,144,0,0,0,142,116,97,1205,48,354,0,236,475,0,52,628,1,0,0,1,6,0,192,0,22,8,2,0,10,0,10,0,0,0,0,0,0,1,0,0,0,16,0,7,0,0,2,0,1,3,0,0,0,0,0,3,0,0,2,4,0,5,2,0,1,0,0,0,0,0,0,0,0,1,0,both
0480,Corpa,742,12.264151,91,687,5,4,0,2,44,0,0,0,0,0,0,0,0,0,31,0,0,0,0,0,0,3,0,0,0,0,0,0,2,0,0,0,1,29,0,0,0,0,2,0,0,0,0,0,0,0,0,0,0,0,0,0,0,0,0,0,0,0,0,0,0,0,0,0,0,0,0,0,0,0,0,0,1,0,0,0,0,0,0,0,0,0,0,0,0,0,0,0,0,0,0,0,0,0,0,0,0,0,0,0,0,0,0,0,0,0,0,0,0,0,0,0,0,0,0,0,0,0,0,0,0,1,0,0,0,0,0,0,0,0,0,0,0,0,5,0,1,3,0,0,0,1,1,0,0,10,0,0,0,0,0,0,0,0,0,0,0,0,0,0,0,0,0,0,0,0,0,0,0,0,0,0,0,0,0,0,0,0,0,0,0,0,0,0,0,0,0,0,0,0,0,0,0,0,0,0,0,0,0,0,0,0,0,0,0,both
0493,Coslada,81273,18.405867,14959,76151,342,651,119,637,2871,0,492,10,1,1,1,79,0,0,2848,2,27,2,4,2,0,137,0,0,0,0,0,6,50,82,0,27,17,9132,0,0,3,7,52,1,63,3,8,0,2,5,1,0,3,2,7,18,0,3,0,0,0,0,14,0,0,0,3,7,0,1,3,0,4,1,1,1,13,5,11,25,1,0,0,0,0,0,2,198,1,1,0,1,0,33,0,0,0,0,34,0,0,0,0,0,1,0,0,3,0,1,0,0,0,0,0,2,24,30,0,0,0,0,3,54,0,16,0,13,0,132,3,43,1,0,52,0,0,0,44,49,62,306,9,91,0,88,215,0,25,327,0,2,0,0,13,0,292,0,13,3,3,1,8,0,3,1,0,0,0,1,0,0,0,0,0,42,0,2,0,0,4,0,5,2,4,0,0,0,0,3,0,0,0,0,0,0,2,0,0,0,0,0,0,0,0,0,0,5,0,both
0506,Cubas de la Sagra,6642,10.102379,671,6129,33,57,8,67,288,0,59,1,0,1,0,24,0,1,294,0,6,1,0,1,0,7,0,0,0,0,0,1,7,7,0,6,1,66,0,0,3,1,1,0,5,0,0,0,1,1,0,0,0,0,0,0,0,0,0,0,0,0,1,0,0,0,4,0,0,0,0,0,0,0,0,0,0,0,0,0,0,0,0,0,0,0,0,31,0,0,0,0,0,1,0,0,0,0,0,0,0,0,0,0,0,0,0,0,0,0,0,0,0,0,0,1,1,1,0,0,0,0,0,19,0,6,0,0,0,9,0,1,0,0,3,0,0,0,10,3,14,49,3,6,0,7,5,0,0,17,0,0,0,0,1,0,36,0,1,0,0,0,0,0,0,0,0,0,0,0,0,0,0,0,0,2,0,4,0,0,0,0,0,0,0,0,0,0,0,0,0,0,0,0,0,0,0,0,0,0,0,0,0,0,0,0,0,0,0,both
0513,Chapinería,2494,14.35445,358,2217,11,139,7,16,90,0,14,0,0,0,0,0,0,0,136,0,0,0,0,0,0,9,0,0,0,0,0,1,1,12,0,2,4,41,0,0,0,0,3,0,0,0,0,0,0,0,0,0,0,0,0,2,0,0,0,0,0,1,0,0,0,0,0,0,0,0,0,0,0,0,0,0,0,0,0,0,0,0,0,0,0,0,0,93,0,0,0,0,0,0,0,0,0,0,0,0,0,0,0,0,0,0,0,0,0,0,0,0,0,0,0,0,1,0,0,0,0,0,0,0,0,0,0,0,0,7,0,0,0,0,2,0,0,0,4,1,1,10,1,6,0,2,4,0,0,4,0,0,0,0,1,0,6,0,0,0,0,0,1,0,1,0,0,0,0,0,0,0,0,0,0,0,0,0,0,0,1,0,0,0,0,0,0,0,0,0,0,0,0,0,0,0,0,0,0,0,0,0,0,0,0,0,0,0,0,both
0528,Chinchón,5506,15.528514,855,4892,46,136,12,78,307,0,34,1,0,0,1,3,0,0,288,0,3,0,1,0,0,16,0,0,1,0,0,8,1,11,0,8,0,178,0,0,0,0,7,0,5,1,0,0,0,0,1,8,2,0,0,1,0,0,0,0,0,0,0,0,0,0,0,0,0,0,0,0,0,0,0,1,0,0,0,1,0,0,0,0,0,0,0,101,0,0,0,0,0,4,0,0,0,0,1,0,1,0,0,0,0,0,0,0,0,0,0,0,0,0,0,0,2,2,0,0,0,0,1,14,0,5,0,0,1,7,0,1,0,0,6,0,0,0,10,21,12,23,15,15,0,4,7,0,1,26,0,0,0,0,0,0,9,0,1,6,0,0,2,0,2,0,0,0,0,0,0,0,0,0,0,6,0,0,0,0,1,0,0,0,0,0,0,0,0,0,0,0,0,0,0,0,0,0,1,0,0,0,0,0,0,0,0,1,0,both
0534,Daganzo de Arriba,10520,12.034221,1266,9653,58,52,39,92,577,0,48,1,0,1,5,14,0,2,545,1,15,0,0,2,0,49,0,0,0,0,0,0,19,32,0,14,9,211,0,0,0,0,5,0,0,0,0,0,2,1,0,0,0,0,0,6,0,1,0,0,0,0,2,0,0,0,0,0,0,0,0,0,0,0,0,0,0,1,0,0,0,0,0,0,0,0,0,22,0,0,0,0,0,1,0,0,0,0,0,0,0,0,0,0,0,0,0,1,0,0,0,0,0,0,0,1,12,6,0,0,0,0,0,12,0,2,0,1,0,11,0,0,0,0,9,0,0,0,13,1,14,44,33,12,0,13,8,0,1,75,0,0,0,0,9,0,22,0,2,1,1,0,0,0,1,0,0,0,0,0,0,0,0,0,0,0,0,0,0,0,0,0,0,0,0,0,0,0,0,1,0,0,0,0,0,0,0,0,0,0,0,0,0,0,0,0,0,0,0,both
0549,Escorial (El),16594,16.246836,2696,14557,349,324,104,184,949,0,117,10,2,1,4,51,0,2,1082,2,17,0,11,5,0,64,0,0,0,0,0,5,15,37,0,34,30,327,0,0,6,4,194,0,12,1,0,2,0,1,1,0,1,0,9,20,0,2,0,0,0,1,0,0,0,0,2,3,0,0,1,0,4,0,0,0,0,0,0,0,0,0,0,0,1,0,0,166,0,0,0,0,0,2,0,1,0,0,3,0,0,0,0,0,0,0,0,1,0,0,0,0,0,0,0,5,28,11,0,0,0,0,0,8,0,26,0,6,1,30,0,13,0,0,11,0,0,0,34,25,17,107,11,22,0,19,37,0,9,76,0,0,0,0,1,0,35,0,10,1,0,1,5,0,5,0,0,0,0,0,0,0,0,1,0,1,0,6,0,0,0,0,0,0,0,0,0,0,1,0,0,0,0,0,0,1,3,0,2,0,0,0,0,0,0,0,0,0,0,both
0552,Estremera,1381,17.451122,241,1295,1,19,6,10,48,0,2,0,0,0,0,2,0,0,46,0,0,0,0,0,0,1,0,0,0,0,0,1,0,1,0,0,1,141,0,0,0,0,0,0,0,0,0,0,1,0,0,0,0,0,0,0,0,0,0,0,0,0,0,0,0,0,0,0,0,0,0,0,0,0,0,0,0,0,0,0,0,0,0,0,0,0,0,15,0,0,0,0,0,0,0,0,0,0,0,0,0,0,0,0,0,0,0,0,0,0,0,0,0,0,0,0,0,1,0,0,0,0,0,0,0,1,0,0,0,3,0,0,0,0,2,0,0,0,0,0,0,2,0,2,0,9,5,0,4,1,0,0,0,0,0,0,2,0,0,0,0,0,0,0,0,0,0,0,0,0,0,0,0,0,0,0,0,0,0,0,0,0,0,0,0,0,0,0,0,0,0,0,0,0,0,0,0,0,0,0,0,0,0,0,0,0,0,0,0,both
0565,Fresnedillas de la Oliva,1742,31.228474,544,1339,19,263,4,21,93,0,3,0,0,0,0,0,0,0,171,0,0,0,0,0,0,4,0,0,0,0,0,1,8,7,0,2,3,108,0,0,0,0,4,0,0,0,0,0,0,0,0,0,0,0,3,3,0,0,0,0,0,0,0,0,0,0,0,1,0,0,0,0,0,0,0,0,0,0,0,0,0,0,0,0,0,0,0,163,0,0,0,0,0,0,0,0,0,0,0,0,0,0,0,0,0,0,0,0,0,0,0,0,0,0,0,0,3,0,0,0,0,0,0,1,0,5,0,0,0,5,0,0,0,0,1,0,0,0,8,0,11,15,0,5,0,3,2,0,0,4,0,0,0,0,0,0,3,0,0,0,0,0,0,0,0,0,0,0,0,0,0,0,0,0,0,0,0,0,0,0,0,0,0,0,0,0,0,0,0,0,0,0,0,0,0,0,0,0,0,0,0,0,0,0,0,0,0,0,0,both
0571,Fresno de Torote,2416,13.907285,336,2182,20,53,7,21,123,0,10,0,0,0,0,1,0,0,122,0,3,0,0,1,0,5,0,0,0,0,0,0,3,3,0,2,0,73,0,0,0,0,3,0,3,0,0,0,0,0,0,0,0,0,1,3,0,0,0,1,0,0,0,0,0,0,0,1,0,0,0,0,0,0,0,0,0,0,0,0,0,0,0,0,0,0,1,40,0,0,0,0,0,1,0,0,0,0,0,0,0,0,0,0,0,0,0,0,0,0,0,0,0,0,0,0,1,1,0,0,0,0,0,3,0,0,0,0,0,2,0,0,0,0,1,0,0,0,4,7,5,18,4,1,1,3,6,0,1,3,0,0,0,0,0,0,7,1,0,0,0,0,0,0,0,0,0,0,0,0,0,0,0,0,0,0,0,0,0,0,0,0,0,0,0,0,0,0,0,0,0,0,0,0,0,0,0,0,0,0,0,0,0,0,0,0,0,0,0,both
0587,Fuenlabrada,192233,14.422082,27724,169210,1267,7866,164,2160,9836,0,1699,31,5,10,8,261,0,1,10251,2,42,4,13,4,0,224,0,0,1,0,2,33,229,185,0,27,29,2796,0,0,4,6,646,7,88,11,5,1,4,5,4,3,4,4,32,71,0,3,0,0,1,33,18,2,0,0,11,43,0,27,10,0,24,4,1,11,33,51,6,728,1,1,2,4,0,1,18,3336,1,0,0,0,0,1398,0,2,1,0,24,0,3,4,0,0,1,0,1,7,1,29,0,1,0,0,1,0,24,56,0,0,0,0,5,160,1,63,0,15,11,325,0,61,14,0,432,0,0,0,133,170,188,1423,91,507,0,147,757,0,28,728,0,0,0,0,22,0,1193,0,36,15,7,1,4,2,12,6,0,0,0,6,1,0,0,1,0,84,0,7,0,0,86,3,0,5,12,0,0,0,0,6,1,1,1,1,0,2,3,0,0,0,0,0,0,0,0,0,0,2,0,both
0590,Fuente el Saz de Jarama,6883,21.662066,1491,5701,31,220,22,228,607,0,70,4,0,1,3,67,0,1,469,1,5,0,1,2,0,14,0,0,0,0,0,4,8,5,0,9,1,162,0,0,2,0,8,0,0,0,0,0,0,0,3,0,0,0,0,4,0,0,0,0,0,0,3,0,0,0,0,1,0,0,0,0,0,0,0,0,0,0,0,2,0,0,0,0,0,0,0,169,0,1,0,0,0,1,0,0,0,0,0,0,1,0,0,0,0,0,0,1,0,0,0,0,0,0,0,1,8,2,0,1,0,0,1,11,0,0,0,1,0,35,0,10,1,0,70,0,0,0,6,18,14,136,9,38,0,31,34,0,2,55,0,0,3,0,0,0,29,0,0,0,0,0,6,0,0,0,0,0,0,0,1,0,0,0,0,6,0,0,0,0,12,0,0,0,0,0,0,0,0,0,0,0,0,0,0,0,1,0,0,0,0,0,0,0,0,0,0,0,0,both
0604,Fuentidueña de Tajo,2228,15.484739,345,2009,6,25,4,32,143,0,9,0,0,0,0,3,0,0,103,0,3,1,0,0,0,3,0,0,0,0,0,1,2,3,0,0,1,104,0,0,0,0,1,0,0,0,0,0,0,0,0,0,0,0,2,0,0,0,0,0,0,0,0,0,0,0,0,0,0,1,0,0,0,2,0,0,0,0,1,0,0,0,0,0,0,0,2,13,0,1,0,0,0,0,0,0,0,0,0,0,0,0,0,0,0,0,0,0,0,0,0,0,0,0,0,0,0,1,0,0,0,0,0,4,0,0,0,0,0,1,0,2,0,0,4,0,0,0,0,2,4,35,0,4,0,5,7,0,8,12,0,0,0,0,1,0,6,0,0,0,0,1,0,0,0,0,0,0,0,0,0,0,0,0,0,0,0,0,0,0,0,0,1,0,0,0,0,0,0,0,0,0,0,0,0,0,0,0,0,0,0,0,0,0,0,0,0,0,0,both
0611,Galapagar,34712,23.887993,8292,27977,427,1176,215,662,4027,0,220,8,0,6,9,203,0,5,3374,9,54,3,5,16,1,174,0,0,1,0,1,12,42,102,0,76,49,762,0,0,9,3,165,2,9,2,2,0,9,3,1,0,2,0,0,21,0,7,0,0,0,4,1,0,0,0,3,0,0,3,4,0,0,1,0,0,0,1,0,1,2,0,0,0,0,0,1,841,0,0,2,0,0,2,0,0,3,0,3,0,1,0,0,0,1,0,0,1,0,0,0,0,0,0,0,3,48,67,0,0,0,0,6,53,1,41,0,55,1,132,0,31,0,0,35,0,0,0,63,36,35,620,22,266,0,56,319,0,30,218,0,0,0,0,0,0,76,0,13,2,0,0,5,1,10,1,0,0,0,2,1,0,0,2,0,14,0,4,0,0,1,0,3,1,2,0,0,0,0,2,0,0,0,0,0,0,0,0,0,0,0,0,0,0,0,0,0,0,0,both
0626,Garganta de los Montes,411,9.73236,40,386,2,6,1,0,16,0,0,0,0,0,0,4,0,0,15,0,1,0,0,0,0,1,0,0,0,0,0,0,0,0,0,0,1,7,0,0,0,1,0,0,0,0,0,0,0,0,0,0,0,0,0,0,0,0,0,0,0,0,0,0,0,0,0,0,0,0,0,0,0,0,0,0,0,0,0,0,0,0,0,0,0,0,0,5,0,0,0,0,0,0,0,0,0,0,0,0,0,0,0,0,0,0,0,0,0,0,0,0,0,0,0,0,0,1,0,0,0,0,0,0,0,0,0,0,0,0,0,0,0,0,0,0,0,0,1,0,0,0,2,0,0,0,0,0,0,1,0,0,0,0,0,0,0,0,0,0,0,0,0,0,0,0,0,0,0,0,0,0,0,0,0,0,0,0,0,0,0,0,0,0,0,0,0,0,0,0,0,0,0,0,0,0,0,0,0,0,0,0,0,0,0,0,0,0,0,both
0632,Gargantilla del Lozoya y Pinilla de Buitrago,344,13.66279,47,317,4,4,0,0,19,0,0,0,0,0,2,0,0,0,19,0,0,1,0,0,0,1,0,0,0,0,0,0,2,2,0,0,0,5,0,0,0,0,2,0,0,0,0,0,0,1,0,0,0,0,0,0,0,0,0,0,0,1,0,0,0,0,0,0,0,0,0,0,0,0,0,0,0,0,0,0,0,0,0,0,0,0,0,3,0,0,0,0,0,0,0,0,0,0,0,0,0,0,0,0,0,0,0,0,0,0,0,0,0,0,0,0,0,0,0,0,0,0,0,0,0,0,0,0,0,0,0,0,0,0,0,0,0,0,1,0,0,6,0,0,0,0,0,0,0,1,0,0,0,0,0,0,0,0,0,0,0,0,0,0,0,0,0,0,0,0,0,0,0,0,0,0,0,0,0,0,0,0,0,0,0,0,0,0,0,0,0,0,0,0,0,0,0,0,0,0,0,0,0,0,0,0,0,0,0,both
0647,Gascones,191,14.659686,28,184,0,0,0,0,7,0,0,0,0,0,0,4,0,0,6,0,0,0,0,0,0,0,0,0,0,0,0,0,1,0,0,0,0,15,0,0,0,0,0,0,0,0,0,0,0,0,0,0,0,0,0,0,0,0,0,0,0,0,0,0,0,0,0,0,0,0,0,0,0,0,0,0,0,0,0,0,0,0,0,0,0,0,0,0,0,0,0,0,0,0,0,0,0,0,0,0,0,0,0,0,0,0,0,0,0,0,0,0,0,0,0,0,0,0,0,0,0,0,0,0,0,0,0,0,0,0,0,0,0,0,0,0,0,0,0,1,0,1,0,0,0,0,0,0,0,0,0,0,0,0,0,0,0,0,0,0,0,0,0,0,0,0,0,0,0,0,0,0,0,0,0,0,0,0,0,0,0,0,0,0,0,0,0,0,0,0,0,0,0,0,0,0,0,0,0,0,0,0,0,0,0,0,0,0,0,both
0650,Getafe,183095,15.643246,28642,159385,1860,3890,340,2419,12791,1,2379,30,6,5,16,924,2,3,9414,7,73,7,17,10,0,428,0,0,1,0,1,24,352,253,1,59,43,2464,0,0,8,3,1046,4,161,21,34,2,7,11,4,1,2,0,59,107,0,3,0,0,1,7,38,0,0,0,4,18,0,12,37,0,24,0,0,5,3,28,19,112,3,0,0,6,3,0,82,2300,0,3,1,0,0,193,5,1,1,0,39,0,4,17,1,0,0,0,2,10,0,3,0,0,1,0,0,12,69,99,0,0,0,0,18,324,0,185,0,24,3,476,0,63,6,0,250,0,0,0,180,192,360,2225,99,1000,0,196,912,0,28,1194,0,3,0,0,99,0,1645,0,40,73,8,6,23,1,10,5,0,0,0,3,0,0,4,2,0,101,0,18,0,0,44,1,1,16,10,0,0,4,8,9,1,3,0,0,0,7,3,0,2,0,0,0,0,0,0,0,0,4,7,both
0663,Griñón,10467,10.681189,1118,9615,50,223,20,59,379,0,118,3,1,0,0,20,0,0,427,0,9,1,3,1,0,20,0,0,0,0,0,2,7,9,0,6,6,131,0,0,0,0,18,0,0,0,0,0,0,0,0,0,0,0,0,2,0,0,0,0,0,0,1,0,0,0,0,0,0,0,0,0,0,0,0,0,0,0,0,0,0,0,0,0,0,0,0,167,0,0,0,0,0,0,0,0,0,0,0,0,0,0,0,0,0,0,0,1,0,0,0,0,0,0,0,0,2,3,0,0,0,0,0,4,0,2,0,0,1,10,0,6,0,0,6,0,0,0,7,13,8,29,5,29,0,3,26,0,0,28,0,0,0,0,0,0,89,0,2,0,0,0,1,0,1,0,0,0,0,0,0,0,0,0,0,5,0,0,0,0,4,0,0,0,1,0,0,0,0,0,0,0,0,0,0,1,0,0,0,0,0,0,0,0,0,0,0,0,0,both
0679,Guadalix de la Sierra,6594,17.091295,1127,5676,59,336,12,139,326,0,43,3,0,0,4,9,0,2,440,0,3,0,1,2,0,11,0,0,0,0,0,1,16,15,0,22,16,106,0,0,0,0,9,0,12,1,0,1,0,0,0,0,0,0,0,2,0,0,0,0,0,0,0,0,0,0,0,0,0,1,0,0,0,0,0,0,0,0,0,0,0,0,0,0,0,0,0,238,0,0,0,0,0,0,0,0,0,0,1,0,0,0,0,0,0,0,0,0,0,0,0,0,0,0,0,0,2,3,0,0,0,0,0,1,1,2,0,2,0,8,0,3,0,0,26,0,0,0,12,4,6,32,9,15,0,2,12,0,7,30,0,0,0,0,0,0,20,0,1,1,0,0,5,0,4,0,0,0,0,0,0,0,0,0,0,4,0,0,0,0,0,0,0,0,0,0,0,0,0,0,0,0,0,0,0,0,1,0,1,0,0,0,0,0,0,0,0,0,0,both
0685,Guadarrama,16747,15.734161,2635,14716,162,561,49,175,1005,0,78,1,0,4,5,214,0,0,1029,0,3,0,0,0,0,52,0,0,0,0,0,4,13,15,0,26,10,240,0,0,1,3,48,1,2,1,1,0,2,1,1,0,0,1,4,11,0,1,0,0,0,5,4,0,0,0,0,0,0,0,2,0,0,0,0,0,0,0,0,0,0,0,0,0,0,0,0,369,0,1,0,0,0,0,0,0,0,0,1,0,0,0,0,0,0,0,0,1,0,0,0,1,0,0,0,3,13,5,0,0,0,0,1,27,0,16,0,2,0,19,0,8,1,0,11,0,0,0,52,16,40,77,15,39,0,20,58,0,13,66,0,0,0,0,0,0,38,0,1,1,0,0,6,0,3,0,0,0,0,0,0,0,0,0,0,2,0,1,0,0,3,0,0,1,0,0,0,0,0,0,0,0,0,0,0,0,0,0,0,0,0,0,0,0,0,0,0,0,0,both
0698,Hiruela (La),72,2.7777777,2,70,0,0,0,0,2,0,0,0,0,0,0,0,0,0,1,0,0,0,0,0,0,0,0,0,0,0,0,0,0,0,0,0,0,0,0,0,0,0,0,0,0,0,0,0,0,0,0,0,0,0,0,0,0,0,0,0,0,0,0,0,0,0,0,0,0,0,0,0,0,0,0,0,0,0,0,0,0,0,0,0,0,0,0,0,0,0,0,0,0,0,0,0,0,0,0,0,0,0,0,0,0,0,0,0,0,0,0,0,0,0,0,0,0,0,0,0,0,0,0,0,0,0,0,0,0,0,0,0,0,0,0,0,0,0,0,0,0,0,0,1,0,0,0,0,0,0,0,0,0,0,0,0,0,0,0,0,0,0,0,0,0,0,0,0,0,0,0,0,0,0,0,0,0,0,0,0,0,0,0,0,0,0,0,0,0,0,0,0,0,0,0,0,0,0,0,0,0,0,0,0,0,0,0,0,0,both
0702,Horcajo de la Sierra-Aoslos,170,18.82353,32,150,0,12,0,5,2,0,1,0,0,0,1,7,0,0,13,0,0,0,0,0,0,0,0,0,0,0,0,0,0,0,0,1,0,1,0,0,0,0,0,0,0,0,0,0,0,0,0,0,0,0,0,0,0,0,0,0,0,0,0,0,0,0,0,0,0,0,0,0,0,0,0,0,0,0,0,0,0,0,0,0,0,0,0,3,0,0,0,0,0,1,0,0,0,0,0,0,0,0,0,0,0,0,0,0,0,0,0,0,0,0,0,0,0,0,0,0,0,0,0,2,0,0,0,0,0,0,0,2,0,0,0,0,0,0,0,0,0,0,0,0,0,1,0,0,0,0,0,0,0,0,0,0,0,0,0,0,0,0,0,0,0,0,0,0,0,0,0,0,0,0,0,0,0,0,0,0,0,0,0,0,0,0,0,0,0,0,0,0,0,0,0,0,0,0,0,0,0,0,0,0,0,0,0,0,0,both
0719,Horcajuelo de la Sierra,106,16.037735,17,100,2,0,0,0,4,0,0,0,0,0,0,0,0,0,3,0,0,0,0,0,0,0,0,0,0,0,0,0,10,0,0,0,1,0,0,0,0,0,0,0,0,0,0,0,0,0,0,0,0,0,0,0,0,0,0,0,0,0,0,0,0,0,0,0,0,0,0,0,0,0,0,0,0,0,0,0,0,0,0,0,0,0,0,0,0,0,0,0,0,0,0,0,0,0,0,0,0,0,0,0,0,0,0,0,0,0,0,0,0,0,0,0,0,0,0,0,0,0,0,0,0,0,0,0,0,0,0,0,0,0,0,0,0,0,0,0,0,2,0,0,0,0,1,0,0,0,0,0,0,0,0,0,0,0,0,0,0,0,0,0,0,0,0,0,0,0,0,0,0,0,0,0,0,0,0,0,0,0,0,0,0,0,0,0,0,0,0,0,0,0,0,0,0,0,0,0,0,0,0,0,0,0,0,0,0,both
0724,Hoyo de Manzanares,8680,17.753456,1541,7447,88,214,65,176,647,0,42,1,0,2,4,43,0,1,723,0,37,1,2,6,0,42,0,0,0,0,0,6,11,25,0,22,24,71,0,0,1,3,11,1,1,0,1,0,0,1,2,0,0,1,0,9,0,0,0,0,0,0,2,0,0,0,0,0,0,0,0,0,0,0,0,0,0,0,0,0,0,0,0,0,2,0,0,113,0,1,0,0,0,0,0,0,0,0,1,0,0,0,0,0,0,0,0,1,0,0,0,0,0,0,0,2,20,2,0,0,0,0,0,7,0,1,0,1,0,51,0,1,0,0,13,0,0,0,21,85,16,50,5,12,0,6,14,0,0,39,0,0,0,0,0,0,9,0,5,0,0,0,0,1,1,0,0,0,0,0,1,0,0,0,0,6,0,0,0,0,0,0,0,0,0,0,0,0,0,0,0,0,0,0,0,1,0,0,0,0,0,0,0,0,0,0,0,0,0,both
0730,Humanes de Madrid,19736,16.447102,3246,17091,136,1172,10,220,899,0,202,6,0,0,1,47,0,0,1048,1,8,0,1,1,0,17,0,0,0,0,0,3,53,31,0,1,8,381,0,0,0,0,54,0,19,4,0,0,0,0,0,0,0,0,9,15,0,0,0,0,2,1,1,1,0,0,3,10,0,4,1,0,0,0,0,0,0,1,2,61,0,0,0,0,0,0,2,698,0,0,0,0,0,70,0,0,0,0,11,0,0,0,0,0,0,0,0,0,0,0,0,1,0,0,0,0,2,1,0,0,0,0,1,11,0,13,0,1,0,48,0,7,0,0,30,0,0,0,16,46,21,123,9,35,0,24,61,0,2,52,0,0,0,0,11,0,139,0,0,4,0,0,1,0,0,0,0,0,0,1,0,0,0,0,0,11,0,0,0,0,3,0,0,0,0,0,0,0,0,0,0,1,0,0,0,1,0,0,0,0,0,0,0,0,0,0,0,0,0,both
0745,Leganés,187762,15.176127,28495,163916,1515,4768,235,2474,13485,0,1335,34,2,3,12,482,4,2,11176,3,57,7,10,8,0,359,0,0,3,0,2,29,177,253,0,59,32,2643,0,0,6,2,886,1,63,6,25,0,4,1,6,7,2,1,35,76,0,4,0,0,6,17,36,2,0,0,13,33,0,10,14,0,29,0,0,5,6,31,7,241,4,0,0,12,0,0,29,2329,0,3,0,0,1,315,0,2,1,1,55,0,2,19,1,0,0,0,4,4,1,0,0,0,0,0,0,2,59,78,0,0,0,0,7,258,0,88,0,14,0,717,0,73,9,0,232,0,0,0,153,236,242,2273,55,722,0,289,998,0,33,1131,0,9,2,0,21,0,779,0,32,25,2,13,19,2,8,0,0,0,0,3,8,0,3,11,0,141,0,1,0,1,20,7,1,9,7,0,0,2,1,0,0,0,0,0,0,8,6,0,2,0,0,0,0,0,0,0,0,2,0,both
0758,Loeches,8860,13.2957115,1178,8093,34,193,14,85,384,0,55,2,0,0,0,16,0,0,395,0,2,0,2,4,0,21,0,0,0,0,1,2,28,17,0,6,3,271,0,0,1,0,5,1,0,0,2,1,0,1,0,0,0,0,1,2,0,1,0,0,0,2,2,0,0,0,0,11,0,5,0,0,6,0,0,0,2,0,0,13,0,0,0,0,0,0,0,96,0,0,0,0,0,2,0,0,0,0,0,0,0,0,0,0,0,0,0,0,0,0,0,0,0,0,0,0,5,5,0,0,0,0,2,5,1,3,0,1,0,6,0,7,0,0,18,0,0,0,14,11,11,57,4,12,0,5,18,0,0,26,0,1,0,0,0,0,26,0,7,0,0,1,1,0,0,0,0,0,0,0,0,0,0,0,0,5,0,0,0,0,0,0,1,0,0,1,0,0,0,0,0,0,0,0,0,0,2,0,0,0,0,0,0,0,0,0,0,0,0,both
0761,Lozoya,593,17.200674,102,562,1,5,0,2,18,0,5,0,0,0,0,2,0,0,19,0,0,0,0,0,0,0,0,0,0,0,0,1,0,5,0,0,0,59,0,0,0,0,0,0,0,0,0,0,0,0,0,0,0,0,0,0,0,0,0,0,0,0,0,0,0,0,0,0,0,0,0,0,0,0,0,0,0,0,0,0,0,0,0,0,0,0,0,5,0,0,0,0,0,0,0,0,0,0,0,0,0,0,0,0,0,0,0,0,0,0,0,0,0,0,0,0,0,0,0,0,0,0,0,0,0,0,0,0,0,0,0,0,0,0,0,0,0,0,0,1,2,0,1,0,0,0,1,0,0,2,0,0,0,0,0,0,4,0,0,0,0,0,0,0,0,0,0,0,0,0,0,0,0,0,0,0,0,0,0,0,0,0,0,0,0,0,0,0,0,0,0,0,0,0,0,0,0,0,0,0,0,0,0,0,0,0,0,0,0,both
0783,Madarcos,57,8.77193,5,53,0,1,0,0,2,0,1,0,0,0,0,0,0,0,3,0,0,0,0,0,0,0,0,0,0,0,0,0,0,0,0,0,1,0,0,0,0,0,0,0,0,0,0,0,0,0,0,0,0,0,0,0,0,0,0,0,0,0,0,0,0,0,0,0,0,0,0,0,0,0,0,0,0,0,0,0,0,0,0,0,0,0,0,0,0,0,0,0,0,0,0,0,0,0,0,0,0,0,0,0,0,0,0,0,0,0,0,0,0,0,0,0,0,0,0,0,0,0,0,0,0,0,0,0,0,0,0,0,0,0,0,0,0,0,0,0,0,0,0,0,0,0,0,0,0,0,0,0,0,0,0,0,0,0,0,0,0,0,0,1,0,0,0,0,0,0,0,0,0,0,0,0,0,0,0,0,0,0,0,0,0,0,0,0,0,0,0,0,0,0,0,0,0,0,0,0,0,0,0,0,0,0,0,0,0,both
0796,Madrid,3305408,24.196377,799789,2602905,31989,52128,25145,111051,402214,1,78988,987,282,502,930,6412,61,261,321108,276,10133,780,523,1162,29,25278,1,27,26,3,216,1622,4514,11134,24,7022,4482,34554,0,0,634,585,8762,155,842,204,1296,74,288,290,211,76,282,143,454,2672,36,309,22,23,73,206,1169,30,2,23,472,686,5,146,449,3,666,127,18,195,368,764,285,825,157,0,34,511,22,8,1114,19435,22,248,73,4,21,1205,18,174,24,12,2241,5,47,81,82,0,21,3,40,437,27,72,4,18,34,1,11,693,8506,5720,3,8,6,4,675,6581,26,4811,6,1521,85,24272,60,7750,648,0,15554,33,4,9,6503,12036,10048,33925,2877,21233,4,19731,27706,0,1043,40677,0,132,280,7,5958,13,33295,26,12335,2039,271,531,1394,260,1157,247,7,19,1,415,65,1,171,632,9,1401,25,1128,1,52,816,68,212,811,329,1,0,65,114,129,25,4,7,50,1,595,370,1,62,0,0,1,0,0,0,0,5,55,0,both
0800,Majadahonda,72034,18.996586,13684,59701,558,850,780,1838,7437,0,846,24,1,7,22,71,0,5,6490,6,100,5,7,12,1,458,0,0,1,0,1,32,51,146,1,138,96,295,0,0,19,7,76,8,4,6,11,1,1,2,1,1,6,1,1,44,0,4,0,0,0,0,2,0,0,0,3,2,1,0,3,0,0,0,0,0,1,0,1,3,2,0,0,0,0,1,2,424,1,0,0,0,0,15,0,4,0,0,4,0,0,0,0,0,0,0,3,1,0,0,0,0,0,0,0,8,124,93,0,0,0,0,10,41,1,50,0,48,1,843,1,70,7,0,138,0,0,0,184,563,131,838,31,62,0,233,638,0,18,315,0,0,5,0,4,0,245,0,186,3,1,0,17,0,43,2,0,0,0,5,2,0,0,20,0,7,0,37,0,0,7,0,5,16,1,0,0,0,0,6,0,0,6,0,0,2,3,0,1,0,0,0,0,0,0,0,0,0,0,both
0822,Manzanares el Real,9202,15.192349,1398,8121,161,176,44,76,576,0,41,7,0,1,4,13,0,2,529,2,19,1,0,8,0,46,0,0,0,0,2,9,10,27,0,64,32,110,0,0,2,2,42,1,1,0,0,1,1,1,3,0,1,0,0,5,0,0,0,0,0,1,3,0,0,0,0,0,0,0,1,0,0,0,0,2,0,2,0,0,0,0,0,0,0,0,1,107,1,0,0,0,0,0,0,0,0,0,4,0,0,0,0,0,0,0,0,0,0,0,0,0,0,0,0,0,14,5,0,0,0,0,3,10,0,0,0,0,0,16,0,12,0,0,10,0,0,0,10,108,10,20,10,21,0,9,4,0,4,43,0,0,0,0,0,0,14,0,4,3,0,0,0,0,2,0,0,0,0,0,0,0,0,0,0,0,0,0,0,0,0,0,0,2,0,0,0,0,1,0,0,0,0,0,0,0,1,0,1,0,0,0,0,0,0,0,0,0,0,both
0838,Meco,14903,15.111052,2252,13615,107,176,41,125,712,0,127,0,0,0,2,35,0,0,714,5,23,0,2,2,0,52,0,0,0,0,0,1,25,20,0,18,4,729,0,0,4,0,24,0,6,0,0,5,0,3,0,0,1,1,3,5,0,0,0,0,0,0,3,0,0,0,2,0,0,1,0,0,0,0,0,0,2,0,0,20,1,0,1,0,0,0,0,48,0,0,0,0,0,18,0,0,0,0,2,0,1,0,0,0,0,0,0,1,0,0,0,0,0,0,0,4,10,6,0,0,0,0,0,10,0,10,0,3,0,9,0,2,5,0,7,0,0,0,21,3,21,74,5,11,0,10,92,0,1,49,0,0,0,0,0,0,66,0,0,0,0,4,7,1,0,0,0,0,0,0,0,0,0,0,0,20,0,0,0,0,1,0,1,15,0,0,0,0,0,0,0,0,0,0,0,0,0,0,0,0,0,0,0,0,0,0,0,0,0,both
0843,Mejorada del Campo,23737,16.307875,3871,21978,75,329,25,243,981,0,103,3,0,0,1,67,0,1,967,0,10,0,4,1,0,33,0,0,0,0,0,2,31,26,0,4,5,1823,0,0,0,2,23,1,1,0,3,0,0,0,1,0,0,0,0,7,0,0,0,0,0,0,3,0,0,0,0,12,0,0,0,0,0,0,1,0,2,0,0,2,0,0,0,1,0,0,5,186,0,0,0,0,0,0,0,0,0,0,4,0,0,0,0,0,0,0,0,0,0,0,0,0,0,0,0,1,7,5,0,0,0,0,0,32,0,3,0,5,0,44,0,3,0,0,38,0,0,0,14,5,23,166,10,40,0,33,67,0,4,64,0,0,0,0,3,0,54,0,2,2,1,1,2,0,0,1,0,0,0,0,0,0,0,0,0,12,0,0,0,0,0,0,0,0,0,0,0,0,0,0,0,0,0,0,0,0,0,0,0,0,0,0,0,0,0,0,0,0,0,both
0856,Miraflores de la Sierra,6585,22.21716,1463,5383,93,352,16,166,553,0,20,2,0,0,2,9,0,1,466,0,12,1,2,4,4,32,0,0,0,0,0,2,57,10,0,21,13,109,0,0,6,1,33,0,0,0,0,0,0,2,0,0,0,0,0,6,0,0,0,0,0,0,1,0,0,0,0,0,0,0,0,0,0,0,2,0,0,0,0,1,0,0,0,0,0,0,0,247,0,0,0,0,0,3,0,1,0,0,2,0,0,0,0,0,0,0,0,0,0,0,0,0,0,0,0,1,3,2,0,0,0,0,0,12,0,3,0,2,0,89,0,3,4,0,5,0,0,0,21,10,18,73,18,17,0,10,37,0,4,63,0,0,0,0,0,0,6,0,2,0,0,0,3,0,1,0,0,0,0,0,0,0,0,0,0,1,0,0,0,0,0,0,0,4,0,0,0,0,0,1,0,0,0,0,0,0,0,0,0,0,0,0,0,0,0,0,0,0,0,both
0869,Molar (El),9291,28.629856,2660,7389,123,416,21,257,1009,0,75,1,0,0,1,201,0,2,701,1,8,0,0,0,0,38,0,0,0,0,0,7,91,25,0,9,7,363,0,0,1,1,84,1,14,0,1,1,0,0,0,0,0,0,1,8,1,0,0,0,0,0,4,0,0,0,0,1,0,0,0,0,1,0,0,0,0,0,0,1,0,0,0,0,0,0,0,311,0,2,0,0,0,1,0,0,0,0,3,0,0,0,0,0,0,0,0,5,0,0,0,0,0,0,0,2,4,4,0,0,0,0,0,13,1,73,0,3,0,22,0,13,0,0,40,0,0,0,17,10,20,232,15,36,0,22,86,0,3,83,0,0,0,0,1,0,33,0,6,0,0,0,0,0,0,0,0,0,0,0,1,0,0,0,0,23,0,0,0,1,0,0,0,0,0,0,0,0,0,0,0,0,0,0,0,0,0,0,0,0,0,0,0,0,0,0,0,0,0,both
0875,Molinos (Los),4563,15.669516,715,4082,29,145,26,35,225,0,21,0,0,0,2,8,0,1,227,0,5,0,0,1,0,8,0,0,0,0,0,1,3,11,0,10,1,162,0,0,0,0,2,0,0,0,0,0,0,0,1,0,0,0,0,3,0,0,0,0,0,0,0,0,0,0,0,0,0,0,1,0,0,0,0,0,0,1,0,0,0,0,0,0,0,0,0,109,0,0,0,0,0,0,0,0,0,0,1,0,0,0,0,0,0,0,0,0,0,0,0,0,0,0,0,0,9,6,0,0,0,0,0,5,1,4,0,0,0,7,0,3,0,0,2,0,0,0,11,0,2,39,7,19,0,1,12,0,4,13,0,0,0,0,0,0,8,0,1,0,0,0,0,1,1,0,0,0,0,0,0,0,0,0,0,0,0,1,0,0,0,0,0,0,0,0,0,0,0,0,0,0,0,0,0,0,0,0,0,0,0,0,0,0,0,0,0,0,0,both
0881,Montejo de la Sierra,365,11.506849,42,333,0,3,0,3,26,0,0,0,0,0,0,2,0,0,20,0,0,0,0,0,0,0,0,0,0,0,0,0,5,0,0,0,0,1,0,0,0,0,0,0,0,0,0,0,0,0,0,0,0,0,0,0,0,0,0,0,0,0,0,0,0,0,0,0,0,0,0,0,0,0,0,0,0,0,0,1,0,0,0,0,0,0,0,1,0,0,0,0,0,0,0,0,0,0,0,0,0,0,0,0,0,0,0,0,0,0,0,0,0,0,0,0,0,0,0,0,0,0,0,0,0,0,0,0,0,1,0,0,0,0,0,0,0,0,0,0,0,4,1,0,0,0,4,0,0,2,0,0,0,0,0,0,0,0,0,0,0,0,0,0,0,0,0,0,0,0,0,0,0,0,0,0,0,0,0,0,0,0,0,0,0,0,0,0,0,0,0,0,0,0,0,0,0,0,0,0,0,0,0,0,0,0,0,0,0,both
0894,Moraleja de Enmedio,5294,8.783528,465,4929,13,142,14,32,144,0,19,1,1,0,2,8,0,0,204,0,3,0,0,0,0,4,0,0,0,0,0,0,4,1,0,2,0,41,0,0,0,0,1,0,0,0,1,0,0,0,0,0,0,0,0,0,0,0,0,0,0,0,2,0,0,0,0,0,0,0,0,0,0,0,0,2,0,0,0,1,0,0,0,0,0,0,0,96,0,0,0,0,0,0,0,0,0,0,0,0,0,0,0,0,1,0,0,0,0,0,0,0,0,0,0,1,0,7,0,0,0,0,0,2,0,0,0,0,0,4,0,0,0,0,6,0,0,0,3,0,10,10,2,5,0,3,8,0,0,15,0,0,0,0,0,0,13,0,0,0,0,0,0,0,0,0,0,0,0,0,0,0,0,0,0,2,0,0,0,0,0,0,0,0,0,0,0,0,0,0,0,0,0,0,0,0,0,0,0,0,0,0,0,0,0,0,0,0,0,both
0908,Moralzarzal,13573,12.871141,1747,12360,128,381,46,85,503,0,66,4,0,1,1,270,0,1,648,0,15,2,0,4,0,31,0,0,0,0,0,3,17,9,0,26,21,76,0,0,4,0,36,0,0,0,2,0,2,2,2,0,0,0,0,8,0,0,0,0,0,0,1,0,0,0,1,0,0,0,0,0,0,0,0,0,0,1,0,0,1,0,0,0,0,0,0,259,0,0,0,0,0,1,0,1,0,0,0,0,0,0,0,0,0,0,0,0,0,0,0,0,0,0,0,0,9,3,0,0,0,0,0,16,1,5,0,0,0,4,0,4,0,0,8,0,0,0,27,6,24,68,13,11,0,12,13,0,1,41,0,0,1,0,0,0,21,0,0,0,0,0,0,0,1,0,0,0,0,0,0,0,0,1,0,5,0,0,0,0,0,0,2,1,0,0,0,0,0,2,0,0,0,0,0,0,1,0,0,0,0,0,0,0,0,0,0,0,0,both
0915,Morata de Tajuña,7924,17.491165,1386,7028,55,174,14,114,489,0,50,0,1,0,0,3,0,0,340,0,3,0,0,1,1,10,0,0,0,0,0,0,12,11,0,3,2,421,0,0,7,4,16,0,2,15,4,0,0,0,0,0,0,0,3,0,0,0,0,0,0,1,0,1,0,0,0,0,0,0,0,0,0,0,0,0,1,0,0,0,1,0,0,0,0,0,0,108,0,0,0,0,0,0,0,0,0,0,1,0,0,1,0,0,0,0,0,1,0,0,0,0,0,0,0,0,4,6,0,0,0,0,0,16,0,3,0,2,0,49,0,11,0,0,15,0,0,0,7,5,23,65,3,15,0,16,68,0,3,57,0,0,0,0,0,0,12,0,0,0,0,0,0,0,0,0,0,0,0,0,0,0,0,0,0,24,0,1,0,0,7,0,0,0,0,0,0,0,0,0,0,0,0,0,0,0,0,0,0,0,0,0,0,0,0,0,0,0,0,both
0920,Móstoles,209639,17.218647,36097,181058,2944,6579,279,3505,13599,0,1637,38,16,2,13,640,1,1,13055,0,91,9,24,11,0,416,0,1,1,0,2,20,851,297,0,52,67,4124,0,0,11,6,1894,3,155,27,35,0,14,9,8,0,5,3,36,148,0,4,0,0,1,21,36,1,0,0,26,147,0,11,4,0,9,0,15,5,24,38,29,633,2,0,5,3,0,1,24,2813,0,1,1,0,0,711,0,5,0,1,188,0,2,0,1,0,0,0,2,1,2,22,1,0,4,0,0,5,76,67,0,0,0,1,13,323,0,261,0,22,3,581,1,158,11,0,394,1,0,0,300,331,344,1494,120,606,0,309,1113,0,60,1371,0,0,1,0,15,0,880,0,58,63,0,23,32,4,15,7,0,0,0,4,1,0,2,0,0,57,0,13,0,0,60,0,4,24,3,0,0,0,0,7,0,0,0,2,0,10,5,0,0,0,0,0,0,0,0,0,0,0,0,both
0936,Navacerrada,3220,15.745341,507,2854,57,94,19,28,149,0,18,1,0,1,0,15,0,0,161,0,6,0,0,3,0,19,0,0,0,0,0,0,1,14,0,7,3,57,0,0,1,0,28,0,0,1,0,0,0,0,0,0,1,1,0,2,0,0,0,0,0,0,0,0,0,0,0,0,0,0,0,0,1,0,0,0,0,0,0,0,0,0,0,0,0,0,0,69,0,0,0,0,0,0,0,0,0,0,0,0,0,0,0,0,0,0,0,0,0,0,0,0,0,0,0,0,2,5,0,0,0,0,0,5,0,5,0,0,0,3,0,0,0,0,6,0,0,0,9,5,7,9,5,6,0,6,14,0,0,19,0,0,0,0,0,0,6,0,0,0,0,0,0,0,3,0,0,0,0,0,0,0,0,0,0,0,0,0,0,0,0,0,0,0,0,0,0,0,0,0,0,0,0,0,0,0,1,0,0,0,0,0,0,0,0,0,0,0,0,both
0941,Navalafuente,1573,21.86904,344,1277,64,64,4,15,134,0,15,0,0,0,0,3,0,0,97,0,1,0,0,0,0,7,0,0,1,0,0,3,5,3,0,5,3,17,0,0,0,0,53,0,2,0,1,0,0,0,1,0,0,0,0,2,0,0,0,0,0,0,0,0,0,0,0,0,0,0,0,0,0,0,0,0,0,1,0,0,0,0,0,0,0,0,0,51,0,0,0,0,0,0,0,0,0,0,0,0,0,0,0,0,0,0,0,0,0,0,0,0,0,0,0,0,2,0,0,0,0,0,4,0,0,0,0,0,0,1,0,7,0,0,1,0,0,0,5,3,5,3,1,23,0,0,7,0,3,13,0,0,0,0,0,0,8,0,0,0,0,0,0,0,0,0,0,0,0,0,0,0,0,0,0,0,0,0,0,0,2,0,0,0,0,0,0,0,0,0,0,0,0,0,0,0,0,0,0,0,0,0,0,0,0,0,0,0,0,both
0954,Navalagamella,2720,27.095589,737,2159,27,268,7,46,197,0,13,3,0,1,4,15,0,0,243,0,6,0,3,0,0,12,0,0,0,0,0,1,2,57,0,4,5,65,0,0,0,0,3,0,6,1,0,0,0,1,0,0,0,0,0,3,0,0,0,0,0,0,0,0,0,0,0,0,0,0,0,0,0,0,0,0,0,0,0,0,0,0,0,0,0,0,0,183,0,0,0,0,0,0,0,0,0,0,0,0,0,0,0,0,0,0,0,0,0,0,0,0,0,0,0,0,1,2,0,0,0,0,0,7,0,0,0,0,0,11,0,6,0,0,6,0,0,0,5,9,6,16,0,4,0,4,15,0,2,18,0,0,0,0,0,0,3,0,2,0,0,0,0,0,1,0,0,0,0,0,0,0,0,0,0,3,0,0,0,0,0,0,0,0,0,0,0,0,0,0,0,0,0,0,0,0,1,0,0,0,0,0,0,0,0,0,0,0,0,both
0967,Navalcarnero,30695,16.299072,5003,26481,193,1401,53,360,2055,0,145,7,0,2,3,34,0,1,1903,0,18,4,1,2,0,114,0,0,0,0,0,11,27,69,0,17,11,450,0,0,1,0,60,0,17,0,4,0,2,1,1,0,0,0,5,20,0,2,0,0,0,2,2,0,0,0,0,0,0,1,0,0,0,0,0,0,0,1,0,31,0,0,1,0,0,0,0,907,0,0,0,1,1,14,0,0,0,0,4,0,0,0,1,0,0,0,0,4,1,1,0,0,0,0,0,0,5,9,0,0,0,0,2,48,0,44,0,6,0,51,0,12,5,0,24,0,0,0,59,52,62,249,15,80,0,63,117,0,9,225,0,0,0,0,0,0,81,1,0,1,1,0,2,0,0,0,0,0,0,1,0,0,0,0,0,15,0,2,0,0,1,0,3,2,0,0,0,0,0,0,0,0,0,0,0,0,3,1,0,0,0,0,0,0,0,0,0,0,0,both
0973,Navarredonda y San Mamés,141,2.1276596,3,138,0,0,0,0,3,0,0,0,0,0,0,0,0,0,3,0,0,0,0,0,0,0,0,0,0,0,0,0,0,0,0,0,0,0,0,0,0,0,0,0,0,0,0,0,0,0,0,0,0,0,0,0,0,0,0,0,0,0,0,0,0,0,0,0,0,0,0,0,0,0,0,0,0,0,0,0,0,0,0,0,0,0,0,0,0,0,0,0,0,0,0,0,0,0,0,0,0,0,0,0,0,0,0,0,0,0,0,0,0,0,0,0,0,0,0,0,0,0,0,0,0,0,0,0,0,0,0,0,0,0,0,0,0,0,0,0,0,0,0,0,0,0,0,0,0,0,0,0,0,0,0,0,0,0,0,0,0,0,0,0,0,0,0,0,0,0,0,0,0,0,0,0,0,0,0,0,0,0,0,0,0,0,0,0,0,0,0,0,0,0,0,0,0,0,0,0,0,0,0,0,0,0,0,0,0,both
0992,Navas del Rey,3062,22.534292,690,2573,13,239,4,43,183,0,7,0,0,0,0,4,0,0,165,0,4,0,3,0,0,3,0,0,0,0,0,3,16,6,0,0,2,147,0,0,0,0,5,0,0,0,1,0,0,0,0,0,0,0,0,0,0,0,0,0,0,0,0,0,0,0,0,0,0,0,0,0,0,0,0,0,0,0,0,1,0,0,0,0,0,0,0,178,0,0,0,0,0,1,0,1,0,0,0,0,0,0,0,0,0,0,0,1,0,0,0,0,0,0,0,0,2,0,0,0,0,0,0,3,0,13,0,0,0,3,0,3,0,0,4,0,0,0,8,2,14,36,1,7,0,13,8,0,2,23,0,0,0,0,0,0,7,0,0,0,0,0,0,0,0,0,0,0,0,0,0,0,0,0,0,0,0,0,0,0,0,0,0,0,0,0,0,0,0,0,0,0,0,0,0,0,0,0,0,0,0,0,0,0,0,0,0,0,0,both
1006,Nuevo Baztán,6630,18.808447,1247,5960,52,59,36,97,356,0,67,3,0,0,3,13,0,0,399,1,8,0,4,4,0,23,0,0,0,0,0,0,24,15,0,9,8,436,0,0,0,1,6,0,3,0,0,0,1,1,0,0,0,1,1,3,0,0,0,0,0,0,1,0,0,0,0,0,0,0,0,0,0,0,0,0,0,0,0,0,0,0,0,0,0,0,0,22,0,0,0,0,0,0,0,0,0,0,0,0,0,0,0,0,0,0,0,2,0,0,0,0,0,0,0,4,6,8,0,0,0,0,1,12,0,0,0,0,0,15,1,0,0,0,9,0,0,0,13,2,28,40,5,8,0,9,21,0,4,19,0,1,0,0,0,0,10,0,1,0,0,0,37,0,1,0,0,0,0,0,0,0,0,0,0,0,0,0,0,0,0,0,0,0,0,0,0,0,0,1,0,0,0,0,0,0,2,0,0,0,0,0,0,0,0,0,0,0,0,both
1013,Olmeda de las Fuentes,357,19.607843,70,318,4,2,3,1,26,0,3,0,0,0,0,0,0,0,23,0,3,0,0,1,0,3,0,0,0,0,0,1,7,0,0,4,1,15,0,0,1,0,0,0,0,0,0,0,0,0,0,0,0,0,0,0,0,0,0,0,0,0,0,0,0,0,0,0,0,0,0,0,0,0,0,0,0,0,0,0,0,0,0,0,0,0,0,0,0,0,0,0,0,0,0,0,0,0,0,0,0,0,0,0,0,0,0,0,0,0,0,0,0,0,0,0,3,0,0,0,0,0,0,0,0,0,0,0,0,0,0,0,0,0,0,0,0,0,0,0,0,0,0,0,0,4,0,0,0,3,0,0,0,0,0,0,1,0,0,0,0,0,0,0,0,0,0,0,0,0,0,0,0,0,0,0,0,0,0,0,0,0,0,0,0,0,0,0,0,0,0,0,0,0,0,0,0,0,0,0,0,0,0,0,0,0,0,0,0,both
1028,Orusco de Tajuña,1291,17.893106,231,1168,9,31,3,9,65,0,6,0,1,0,0,0,0,0,53,0,0,0,0,0,0,2,0,0,0,0,0,1,2,0,0,0,0,103,0,0,0,0,3,0,0,0,0,0,0,0,0,0,0,0,0,0,0,0,0,0,0,0,0,0,0,0,0,0,0,0,0,0,0,0,0,0,0,1,0,0,0,0,0,1,0,0,0,16,0,0,0,0,0,0,0,0,0,0,0,0,0,0,0,0,0,0,0,0,0,0,0,0,0,0,0,0,0,0,0,0,0,0,0,1,0,0,0,1,0,1,0,0,0,0,2,0,0,0,2,2,0,3,0,0,0,1,7,0,1,21,0,0,0,0,0,0,3,0,0,0,0,1,1,0,0,0,0,0,0,0,0,0,0,0,0,1,0,0,0,0,0,0,0,0,0,0,0,0,0,0,0,0,0,0,0,0,0,0,0,0,0,0,0,0,0,0,0,0,0,both
1049,Paracuellos de Jarama,26235,18.848866,4945,22586,237,294,156,304,2470,0,178,10,8,7,11,21,0,2,2174,2,56,3,17,4,0,318,0,0,0,0,3,25,21,101,0,51,62,721,0,0,6,2,20,3,7,2,2,2,2,1,2,1,0,0,0,31,0,5,0,0,0,1,8,0,0,0,1,0,0,0,0,0,0,0,0,2,1,0,0,0,1,0,0,0,0,0,0,138,0,0,0,0,0,8,0,1,0,0,0,0,0,0,0,0,0,0,0,2,0,0,0,0,0,0,0,6,45,24,0,0,0,0,2,48,0,8,0,2,0,36,0,5,4,0,16,0,0,0,28,12,53,135,10,52,0,52,31,0,5,390,0,0,10,0,0,0,48,0,19,2,0,1,9,1,1,1,0,0,0,1,1,0,3,0,0,5,0,5,0,0,12,1,1,1,1,0,0,0,0,0,0,0,0,0,0,0,2,0,0,0,0,0,0,0,0,0,0,0,0,both
1065,Parla,131689,27.64316,36403,100623,1538,8935,130,2842,13035,1,4576,9,3,10,4,485,0,1,11455,2,25,4,5,6,0,174,0,0,0,0,4,19,453,196,0,24,20,3597,0,0,2,1,893,1,177,5,16,0,14,3,4,0,2,1,57,53,0,5,0,0,1,51,63,3,0,0,156,49,0,54,6,0,3,2,1,13,64,77,101,301,3,0,0,0,0,0,41,4970,0,5,0,0,2,756,0,1,0,0,133,0,15,3,1,0,0,0,0,14,1,40,0,1,1,0,0,6,37,32,0,0,0,0,10,148,0,152,0,12,4,463,1,90,8,0,562,1,0,0,110,163,432,1608,52,1474,0,237,1078,0,16,714,0,5,1,0,42,0,3824,1,28,105,11,4,8,0,6,1,0,1,0,1,2,0,2,3,0,213,0,0,0,0,26,0,5,15,7,0,0,2,11,1,0,0,0,2,0,7,0,0,0,0,0,0,0,0,0,0,0,6,0,both
1071,Patones,524,7.8244276,41,504,2,3,0,7,6,0,2,0,0,0,0,0,0,0,14,0,2,1,0,0,0,0,0,0,0,0,0,1,0,0,0,0,0,12,0,0,0,0,1,0,0,0,0,0,0,0,0,0,0,0,0,0,0,0,0,0,0,0,0,0,0,0,0,0,0,0,0,0,0,0,0,0,0,0,0,0,0,0,0,0,0,0,0,2,0,0,0,0,0,0,0,0,0,0,0,0,0,0,0,0,0,0,0,0,0,0,0,0,0,0,0,0,1,0,0,0,0,0,0,0,0,0,0,0,0,3,0,1,0,0,0,0,0,0,0,0,0,0,0,1,0,0,2,0,0,0,0,0,0,0,0,0,0,0,0,0,0,0,0,0,0,0,0,0,0,0,0,0,0,0,0,0,0,0,0,0,0,0,0,0,0,0,0,0,0,0,0,0,0,0,0,0,0,0,0,0,0,0,0,0,0,0,0,0,0,both
1087,Pedrezuela,6226,22.566656,1405,5286,66,221,17,68,535,2,30,1,0,2,1,51,0,1,438,1,24,0,0,1,0,39,0,0,0,0,2,3,27,32,0,13,5,274,0,0,1,2,7,0,18,3,0,1,0,0,0,0,0,0,2,3,0,0,0,0,0,3,2,0,0,0,0,6,0,0,0,0,2,0,0,0,0,0,0,0,1,0,0,0,0,0,0,158,0,0,0,0,0,0,0,1,0,0,1,0,0,0,0,0,0,0,0,1,0,0,0,0,0,0,0,0,6,5,0,0,0,0,0,7,0,4,0,1,0,5,0,0,3,0,8,1,0,0,17,1,17,102,5,5,0,9,20,0,1,39,2,0,0,0,0,0,11,0,2,0,0,0,0,2,2,0,0,0,0,0,0,0,0,0,0,1,0,0,0,0,2,0,0,0,0,0,0,0,0,0,0,0,0,0,0,0,1,0,0,0,0,0,0,0,0,0,0,0,0,both
1090,Pelayos de la Presa,2827,28.510788,806,2180,25,257,5,47,291,0,20,2,0,0,0,21,0,0,180,1,8,0,0,0,0,10,0,0,0,0,0,5,16,7,0,4,2,78,0,0,0,3,7,0,2,0,0,0,1,2,0,0,0,0,0,3,0,0,0,0,0,0,0,0,0,0,2,0,0,0,0,0,0,0,0,0,0,0,0,0,0,0,0,0,0,0,0,222,0,0,0,0,0,0,0,0,0,0,0,0,0,0,0,0,0,0,0,0,0,0,0,0,0,0,0,0,1,2,0,0,0,0,0,4,0,4,0,0,0,20,0,0,0,0,2,0,0,0,15,18,2,19,4,17,0,63,5,0,4,35,0,0,0,0,0,0,8,0,0,1,0,0,6,0,0,0,0,0,0,0,0,0,0,0,0,0,0,0,0,0,0,0,0,0,0,0,0,0,0,0,0,0,0,0,0,1,0,0,1,0,0,0,0,0,0,0,0,0,0,both
1104,Perales de Tajuña,3059,18.470089,565,2736,37,94,9,20,143,0,20,0,0,0,0,5,0,0,105,0,3,0,0,0,0,23,0,0,1,0,0,0,4,1,0,7,0,205,0,0,1,0,25,0,1,0,0,0,0,0,0,0,0,0,0,0,0,0,0,0,0,0,1,0,0,0,0,1,0,0,0,0,0,0,0,0,1,0,0,1,1,0,0,0,0,0,0,73,0,0,0,0,0,1,0,0,0,0,1,0,0,0,0,0,0,0,0,0,0,0,0,0,0,0,0,1,0,5,0,0,0,0,0,0,1,6,0,0,0,4,0,0,0,0,0,0,0,0,6,3,2,14,3,4,0,7,19,0,0,10,0,2,0,0,0,0,5,0,1,0,0,0,0,0,0,0,0,0,0,1,0,0,0,0,0,10,0,0,0,0,0,0,0,0,0,0,0,0,0,0,0,0,0,0,0,0,0,0,0,0,0,0,0,0,0,0,0,0,0,both
1111,Pezuela de las Torres,927,10.032362,93,899,5,3,1,5,12,0,2,0,0,1,0,5,0,0,18,0,1,0,0,0,0,1,0,0,0,0,0,0,2,1,0,0,0,46,0,0,0,0,1,0,2,0,0,0,0,0,0,0,0,0,0,1,0,0,0,0,0,0,0,0,0,0,0,0,0,0,0,0,0,0,0,0,0,0,0,0,0,0,0,0,0,0,0,3,0,0,0,0,0,0,0,0,0,0,0,0,0,0,0,0,0,0,0,0,0,0,0,0,0,0,0,0,1,0,0,0,0,0,0,0,0,0,0,0,0,0,0,0,0,0,0,0,0,0,1,0,1,2,0,2,0,1,1,0,0,0,0,0,0,0,0,0,2,0,0,0,0,0,0,0,0,0,0,0,0,0,0,0,0,0,0,0,0,0,0,0,0,0,0,0,0,0,0,0,0,0,0,0,0,0,0,0,0,0,0,0,0,0,0,0,0,0,0,0,0,both
1126,Pinilla del Valle,196,9.183674,18,186,1,0,0,3,6,0,0,0,0,0,0,0,0,0,6,0,0,0,0,0,0,1,0,0,0,0,0,0,0,0,0,0,0,8,0,0,0,0,0,0,0,0,0,0,0,0,0,0,0,0,0,0,0,0,0,0,0,0,0,0,0,0,0,0,0,0,0,0,0,0,0,0,0,0,0,0,0,0,0,0,0,0,0,0,0,0,0,0,0,0,0,0,0,0,0,0,0,0,0,0,0,0,0,0,0,0,0,0,0,0,0,0,0,0,0,0,0,0,0,0,0,0,0,0,0,1,0,0,0,0,1,0,0,0,0,1,0,0,0,0,0,0,0,0,0,0,0,0,0,0,0,0,0,0,0,0,0,0,0,0,0,0,0,0,0,0,0,0,0,0,0,0,0,0,0,0,0,0,0,0,0,0,0,0,0,0,0,0,0,0,0,0,0,0,0,0,0,0,0,0,0,0,0,0,0,both
1132,Pinto,53537,14.980294,8020,47119,361,849,91,578,3904,0,623,12,5,3,7,72,0,0,3037,0,31,3,5,4,0,176,0,0,1,0,0,8,81,112,0,25,20,943,0,0,0,0,89,0,20,4,3,0,4,1,2,0,2,3,46,27,2,5,0,0,0,7,10,0,0,0,4,2,0,0,9,0,2,1,0,2,0,8,2,26,0,0,0,4,0,0,2,465,0,4,0,0,0,52,0,0,0,0,5,0,0,0,0,0,0,0,1,0,0,0,0,0,0,0,0,4,23,22,0,0,0,0,3,90,0,22,0,2,4,50,0,25,3,0,74,0,0,0,106,79,111,496,30,159,0,113,244,0,4,446,0,5,0,0,1,0,381,0,7,79,0,0,14,2,2,5,0,0,0,0,1,1,0,6,0,26,0,3,0,0,18,0,1,3,2,0,0,0,0,2,0,0,0,0,0,0,2,0,1,0,0,0,0,0,0,0,0,1,0,both
1147,Piñuécar-Gandullas,185,7.5675673,14,177,0,2,0,2,4,0,0,0,0,0,0,1,0,0,5,0,0,0,0,0,0,0,0,0,0,0,0,0,1,0,0,0,0,3,0,0,0,0,0,0,0,0,0,0,0,0,0,0,0,0,0,0,0,0,0,0,0,0,0,0,0,0,0,0,0,0,0,0,0,0,0,0,0,0,0,1,0,0,0,0,0,0,0,0,0,0,0,0,0,0,0,0,0,0,0,0,0,0,0,0,0,0,0,0,0,0,0,0,0,0,0,0,0,0,0,0,0,0,0,0,0,0,0,0,0,0,0,0,0,0,1,0,0,0,0,0,0,1,0,0,0,0,0,0,1,0,0,0,0,0,0,0,0,0,0,0,0,0,0,0,0,0,0,0,0,0,0,0,0,0,0,0,0,0,0,0,0,0,0,0,0,0,0,0,0,0,0,0,0,0,0,0,0,0,0,0,0,0,0,0,0,0,0,0,0,both
1150,Pozuelo de Alarcón,87134,14.925287,13005,76684,956,884,1069,1543,4853,0,1113,32,1,17,51,55,0,15,5861,12,358,17,17,40,2,550,1,0,0,0,12,66,62,251,4,318,171,729,0,0,32,30,101,8,11,1,5,4,10,9,7,0,3,4,1,57,2,6,1,0,2,1,13,1,0,0,11,3,0,1,4,0,4,1,0,0,2,1,0,12,11,0,0,10,0,0,2,370,0,0,0,0,0,6,0,3,0,0,2,0,0,1,0,0,1,4,1,7,0,0,0,0,0,0,0,18,288,118,0,0,0,0,9,31,0,65,0,34,3,299,0,98,5,0,182,3,0,0,169,117,141,269,34,108,0,281,221,0,22,355,0,0,1,0,2,0,348,0,211,21,3,1,53,5,29,4,0,1,0,3,5,0,1,2,0,4,0,24,0,1,9,1,3,11,1,0,0,0,0,0,1,0,0,1,0,0,10,0,2,0,0,0,1,0,0,0,0,0,0,both
1163,Pozuelo del Rey,1190,14.621849,174,1092,4,17,2,29,45,0,0,1,0,0,0,1,0,0,56,0,1,1,0,0,0,2,0,0,0,0,0,0,7,4,0,1,0,53,0,0,1,0,1,0,0,0,0,0,0,0,0,0,0,0,0,0,0,1,0,0,0,0,1,0,0,0,0,0,0,0,0,0,0,0,0,0,0,0,0,0,2,0,0,0,0,0,0,11,0,0,0,0,0,0,0,0,0,0,0,0,0,0,0,0,0,0,0,0,0,0,0,0,0,0,0,0,0,1,0,0,0,0,0,7,1,0,0,0,0,0,0,1,0,0,4,0,0,0,1,0,2,4,2,0,0,0,3,0,0,5,0,0,0,0,0,0,0,0,0,0,0,0,0,0,0,0,0,0,0,0,0,0,0,0,0,0,0,0,0,0,0,0,0,0,0,0,0,0,0,0,0,0,0,0,0,0,0,0,0,0,0,0,0,0,0,0,0,0,0,both
1179,Prádena del Rincón,149,4.6979866,7,146,0,0,0,0,3,0,0,0,0,0,0,0,0,0,2,0,0,0,0,0,0,0,0,0,0,0,0,0,0,2,0,0,0,3,0,0,0,0,0,0,0,0,0,0,0,0,0,0,0,0,0,0,0,0,0,0,0,0,0,0,0,0,0,0,0,0,0,0,0,0,0,0,0,0,0,0,0,0,0,0,0,0,0,0,0,0,0,0,0,0,0,0,0,0,0,0,0,0,0,0,0,0,0,0,0,0,0,0,0,0,0,0,0,0,0,0,0,0,0,0,0,0,0,0,0,0,0,0,0,0,0,0,0,0,0,0,0,0,0,0,0,0,0,0,0,0,0,0,0,0,0,0,0,0,0,0,0,0,0,0,0,0,0,0,0,0,0,0,0,0,0,0,0,0,0,0,0,0,0,0,0,0,0,0,0,0,0,0,0,0,0,0,0,0,0,0,0,0,0,0,0,0,0,0,0,both
1185,Puebla de la Sierra,75,8.0,6,70,1,0,0,0,4,0,0,0,0,0,0,0,0,0,2,0,1,0,0,0,0,1,0,0,0,0,0,0,0,0,0,0,1,0,0,0,0,0,0,0,0,0,0,0,0,0,0,0,0,0,0,0,0,0,0,0,0,0,0,0,0,0,0,0,0,0,0,0,0,0,0,0,0,0,0,0,0,0,0,0,0,0,0,0,0,0,0,0,0,0,0,0,0,0,0,0,0,0,0,0,0,0,0,0,0,0,0,0,0,0,0,0,0,0,0,0,0,0,0,0,0,0,0,0,0,0,0,0,0,0,0,0,0,0,0,0,0,0,0,0,0,0,0,0,1,0,0,0,0,0,0,0,0,0,0,0,0,0,0,0,0,0,0,0,0,0,0,0,0,0,0,0,0,0,0,0,0,0,0,0,0,0,0,0,0,0,0,0,0,0,0,0,0,0,0,0,0,0,0,0,0,0,0,0,0,both
1198,Quijorna,3593,19.788477,711,3035,29,72,20,67,354,0,15,1,0,0,2,3,0,0,309,0,15,0,4,3,0,19,0,1,0,0,0,3,8,9,0,11,6,61,0,0,0,1,4,0,0,0,0,0,0,0,0,0,0,0,0,3,0,0,0,0,0,0,0,0,0,0,0,0,0,0,0,0,0,0,0,0,0,0,0,1,0,0,0,0,0,0,0,41,0,0,0,0,0,0,0,0,0,0,0,0,0,0,0,0,0,0,0,0,0,0,0,0,0,0,0,1,4,4,0,0,0,0,0,0,0,5,0,1,0,30,0,6,0,0,2,0,0,0,14,9,8,29,3,18,0,0,36,0,1,27,0,0,0,0,0,0,6,0,0,1,0,0,0,0,0,1,0,0,0,0,0,0,0,0,0,0,0,0,0,0,0,0,0,0,0,0,0,0,0,0,1,0,0,0,0,0,0,0,0,0,0,0,0,0,0,0,0,0,0,both
1202,Rascafría,1754,21.721779,381,1601,6,30,12,23,71,0,11,0,0,0,0,22,0,0,65,0,2,0,0,0,0,7,0,0,0,0,0,1,7,2,0,4,5,182,0,0,0,0,1,0,0,0,0,0,0,0,0,0,0,0,0,0,0,0,0,0,0,0,5,0,0,0,0,0,0,0,0,0,0,0,0,0,0,0,0,0,0,0,0,0,0,0,0,19,0,0,0,0,0,0,0,0,0,0,0,0,0,0,0,0,0,0,0,0,0,0,0,0,0,0,0,1,1,6,0,0,0,0,0,1,0,0,0,0,0,3,0,0,0,0,6,0,0,0,3,1,2,8,13,3,0,0,0,0,0,4,0,0,0,0,0,0,5,0,0,1,0,0,0,0,0,0,0,0,0,0,0,0,0,0,0,0,0,0,0,0,0,0,0,0,0,0,0,0,0,0,1,0,0,0,0,0,0,0,0,0,0,0,0,0,0,0,0,0,0,both
1219,Redueña,294,13.265306,39,265,6,1,0,1,21,0,0,0,0,0,0,2,0,0,13,0,0,0,0,0,0,0,0,0,0,0,0,0,2,2,0,0,3,1,0,0,0,0,2,0,0,0,0,0,0,0,0,0,0,0,0,1,0,0,0,0,0,0,0,0,0,0,0,0,0,0,0,0,0,0,0,0,0,0,0,0,0,0,0,0,0,0,0,0,0,0,0,0,0,0,0,0,0,0,0,0,0,0,0,0,0,0,0,0,0,0,0,0,0,0,0,0,0,0,0,0,0,0,0,0,0,0,0,0,0,0,0,0,0,0,0,0,0,0,6,0,1,1,0,0,0,1,1,0,0,2,0,0,0,0,0,0,0,0,0,0,0,0,0,0,0,0,0,0,0,0,0,0,0,0,0,0,0,0,0,0,0,0,0,1,0,0,0,0,0,0,0,0,0,0,0,0,0,0,0,0,0,0,0,0,0,0,0,0,0,both
1224,Ribatejada,863,18.076477,156,776,2,29,1,17,34,0,1,3,0,0,1,3,0,0,39,0,6,0,0,0,0,6,0,0,0,0,0,0,6,3,0,1,2,41,0,0,1,0,0,0,0,0,0,0,0,0,0,0,0,0,0,0,0,0,0,0,0,0,0,0,0,0,0,0,0,0,0,0,0,0,0,0,0,0,0,0,0,0,0,0,0,0,0,23,0,0,0,0,0,0,0,0,0,0,0,0,0,0,0,0,0,0,1,0,0,0,0,0,0,0,0,0,0,0,0,0,0,0,0,5,0,0,0,0,0,1,0,0,1,0,2,0,0,0,0,0,1,4,0,3,0,0,0,0,0,6,0,0,0,0,0,0,0,0,0,0,0,0,0,0,0,0,0,0,0,0,0,0,0,0,0,0,0,0,0,0,0,0,0,0,0,0,0,0,0,0,0,0,0,0,0,0,0,0,0,0,0,0,0,0,0,0,0,0,0,both
1230,Rivas-Vaciamadrid,92925,12.824321,11917,84555,527,1400,210,803,4560,0,849,21,2,3,11,223,0,3,4983,5,92,6,14,18,0,344,0,0,0,0,6,14,90,133,0,63,46,2225,0,0,8,3,87,2,15,6,4,1,5,9,2,0,3,0,9,43,0,2,0,0,0,2,19,0,0,0,0,5,0,2,6,0,1,0,7,0,2,6,1,23,0,0,0,13,0,0,7,648,0,0,0,0,0,12,0,3,1,0,33,0,0,1,0,0,0,0,2,3,0,0,0,1,0,0,0,4,52,37,0,0,0,0,11,127,1,16,0,6,1,76,0,31,2,0,55,0,0,0,91,39,124,417,30,85,0,73,208,0,39,591,0,2,0,0,6,0,291,0,16,33,2,13,47,1,19,5,0,0,0,0,0,0,0,1,0,15,0,20,0,1,28,0,0,6,2,0,0,0,1,2,0,0,0,3,0,1,2,0,0,0,0,0,0,0,0,0,0,6,0,both
1245,Robledillo de la Jara,97,20.618557,20,87,1,3,0,0,6,0,0,0,0,0,0,0,0,0,4,0,0,0,0,0,0,0,0,0,0,0,0,0,5,0,0,0,0,4,0,0,0,0,0,0,0,0,0,0,0,0,0,0,0,0,0,0,0,0,0,0,0,0,0,0,0,0,0,0,0,0,0,0,0,0,0,0,0,0,0,0,0,0,0,0,0,0,0,2,0,0,0,0,0,0,0,0,0,0,0,0,0,0,0,0,0,0,0,0,0,0,0,0,0,0,0,0,0,0,0,0,0,0,0,0,0,0,0,0,0,0,0,0,0,0,0,0,0,0,0,0,0,2,0,0,0,0,2,0,0,0,0,0,0,0,0,0,0,0,0,0,0,0,0,0,0,0,0,0,0,0,0,0,0,0,0,0,0,0,0,0,0,0,0,1,0,0,0,0,0,0,0,0,0,0,0,0,0,0,0,0,0,0,0,0,0,0,0,0,0,both
1258,Robledo de Chavela,4479,15.315919,686,3984,63,82,14,50,270,0,16,0,1,0,3,27,0,3,259,0,6,0,0,0,0,18,0,0,0,0,0,0,5,8,0,9,6,92,0,0,1,2,25,1,4,0,0,0,0,0,0,0,0,1,1,4,0,2,0,0,0,0,0,0,0,0,0,0,0,1,0,0,0,0,0,0,0,0,0,1,0,0,0,0,0,0,0,57,0,0,0,0,0,1,0,0,1,0,0,0,0,0,0,0,0,0,0,1,0,1,0,0,0,0,0,1,6,1,0,0,0,1,0,6,0,4,0,0,0,10,0,0,0,0,9,0,0,0,12,2,7,30,0,15,0,9,11,0,5,8,0,0,0,0,0,0,5,0,0,0,0,0,0,0,0,0,0,0,0,0,0,0,0,0,0,2,0,0,0,0,0,0,0,0,0,0,0,0,1,0,0,0,0,0,0,0,0,0,0,0,0,0,0,0,0,0,0,0,0,both
1261,Robregordo,71,15.492958,11,61,0,3,0,0,7,0,0,0,0,0,0,0,0,0,0,0,0,0,0,0,0,0,0,0,0,0,0,0,0,1,0,0,0,0,0,0,0,0,0,0,0,0,0,0,0,0,0,0,0,0,0,0,0,0,0,0,0,0,0,0,0,0,0,0,0,0,0,0,0,0,0,0,0,0,0,0,0,0,0,0,0,0,0,3,0,0,0,0,0,0,0,0,0,0,0,0,0,0,0,0,0,0,0,0,0,0,0,0,0,0,0,0,0,0,0,0,0,0,0,0,0,0,0,0,0,0,0,0,0,0,0,0,0,0,0,0,2,5,0,0,0,0,0,0,0,0,0,0,0,0,0,0,0,0,0,0,0,0,0,0,0,0,0,0,0,0,0,0,0,0,0,0,0,0,0,0,0,0,0,0,0,0,0,0,0,0,0,0,0,0,0,0,0,0,0,0,0,0,0,0,0,0,0,0,0,both
1277,Rozas de Madrid (Las),94862,15.35072,14562,82644,824,889,787,1206,7249,0,1233,30,0,19,35,90,1,8,7205,9,155,40,19,42,0,735,0,1,0,0,6,51,100,219,1,205,158,638,0,0,39,10,105,2,22,5,9,0,9,9,4,2,14,3,3,65,1,7,0,0,0,2,14,0,0,0,1,1,2,0,1,0,2,0,0,0,0,1,2,6,3,0,0,0,0,0,0,404,0,0,1,0,0,3,0,4,1,0,5,0,0,0,0,0,0,0,1,6,0,0,0,0,0,0,0,15,164,117,0,1,0,0,2,53,1,32,0,10,3,291,0,98,8,0,86,2,0,0,193,110,149,783,37,76,0,170,291,0,20,520,0,1,1,0,0,0,235,1,358,30,1,0,26,7,46,3,0,0,0,2,0,0,1,5,0,9,1,35,1,0,10,0,4,20,4,0,0,4,0,5,1,1,0,0,0,3,5,0,4,0,0,0,0,0,0,0,0,0,0,both
1283,Rozas de Puerto Real,590,7.9661016,47,564,2,2,0,4,18,0,0,0,0,0,0,2,0,0,11,0,0,0,0,0,0,2,0,0,0,0,0,1,3,0,0,1,1,10,0,0,0,0,0,0,0,0,0,0,0,0,0,0,0,0,0,1,0,0,0,0,0,0,0,0,0,0,0,0,0,0,0,0,0,0,0,0,0,0,0,0,0,0,0,0,0,0,0,1,0,0,0,0,0,0,0,0,0,0,0,0,0,0,0,0,0,0,0,0,0,0,0,0,0,0,0,0,0,0,0,0,0,0,0,1,0,1,0,0,0,0,0,0,1,0,0,0,0,0,2,3,0,3,0,0,0,0,0,0,3,0,0,0,0,0,0,0,0,0,0,0,0,0,0,0,0,0,0,0,0,0,0,0,0,0,0,0,0,0,0,0,0,0,0,0,0,0,0,0,0,0,0,0,0,0,0,0,0,0,0,0,0,0,0,0,0,0,0,0,0,both
1296,San Agustín del Guadalix,13538,20.23194,2739,11645,174,155,74,516,875,0,95,4,0,2,3,15,0,6,1108,6,59,1,1,4,0,89,0,0,0,0,0,21,8,52,0,37,30,488,0,0,24,2,32,0,25,3,0,1,2,1,1,1,0,2,0,3,0,1,0,0,0,0,3,0,0,0,0,1,0,0,0,0,0,0,0,6,0,0,0,0,0,0,0,0,0,0,0,63,0,0,0,0,0,0,0,1,0,0,22,0,0,0,0,0,0,0,0,0,1,0,0,0,0,0,0,0,14,12,0,0,0,0,4,22,0,26,0,2,0,33,0,17,0,0,94,0,0,0,26,14,21,92,8,18,0,22,39,0,1,78,0,6,0,0,0,0,23,0,9,1,1,0,7,5,0,0,0,0,0,0,0,0,3,1,0,7,0,2,0,0,1,0,1,0,1,0,0,0,0,0,0,0,0,0,0,2,1,0,0,0,0,0,0,0,0,0,0,0,0,both
1300,San Fernando de Henares,39313,15.178185,5967,36862,190,304,46,304,1354,0,244,9,5,0,3,29,0,1,1443,0,14,0,2,2,0,66,0,0,0,0,1,6,28,38,0,20,6,3143,0,0,0,0,39,1,34,2,4,0,3,1,0,2,0,0,3,7,0,1,0,0,1,0,5,0,0,0,6,3,0,0,1,0,1,1,0,1,5,2,3,5,0,0,0,1,0,0,0,120,0,0,0,0,0,12,0,0,0,0,5,0,0,0,0,0,0,0,0,0,0,0,0,0,0,0,0,0,9,16,0,0,0,0,1,41,1,2,0,2,0,52,0,10,1,0,25,0,0,0,38,11,24,185,3,41,0,40,62,0,3,127,0,0,0,0,5,0,138,0,1,3,0,2,0,0,2,0,0,0,0,1,0,0,0,0,0,30,0,0,0,0,6,0,1,1,0,0,0,0,0,0,0,0,0,0,0,6,1,0,0,0,0,0,0,0,0,0,0,0,0,both
1317,San Lorenzo de El Escorial,18454,16.950254,3128,15851,297,448,137,418,1168,0,129,6,0,6,9,71,0,2,1442,1,37,1,2,6,0,93,0,0,0,0,1,14,17,32,0,52,44,160,0,0,5,2,92,0,14,0,5,0,0,5,1,1,3,0,11,17,0,1,0,0,0,0,1,0,0,0,0,5,0,0,0,0,0,1,0,0,0,1,0,4,1,0,0,0,0,0,0,264,0,0,1,0,0,3,0,0,0,0,1,0,0,0,0,0,0,0,0,0,0,0,0,0,0,0,0,2,38,22,0,0,0,0,5,14,0,4,0,1,1,32,0,19,9,0,63,0,0,0,40,12,28,73,18,16,0,22,59,0,7,105,0,0,0,0,0,0,37,0,18,15,0,0,0,0,11,0,0,0,0,1,0,0,0,1,0,7,0,5,0,0,10,0,0,1,0,0,0,0,0,1,0,0,0,0,0,0,2,0,0,0,0,0,0,0,0,0,0,0,0,both
1322,San Martín de la Vega,19853,23.074598,4581,16974,95,1022,35,337,1266,0,120,4,0,1,1,107,0,0,1287,0,12,1,3,0,0,80,0,0,0,0,0,1,47,33,0,5,5,1380,0,0,0,1,20,0,6,2,3,0,0,0,1,0,1,0,7,6,0,1,0,0,0,6,11,0,0,0,1,3,0,0,1,0,2,0,2,0,2,2,4,17,0,0,0,0,0,0,1,643,0,42,2,0,0,7,0,0,0,0,3,0,0,0,0,0,0,0,0,0,0,0,0,0,0,0,0,2,7,8,0,0,0,0,1,50,0,54,0,6,0,39,0,11,2,0,28,0,0,0,36,16,26,143,5,55,0,15,143,0,7,77,0,0,0,0,10,0,42,0,4,3,0,1,3,0,1,0,0,0,0,0,0,0,0,0,0,23,0,0,0,0,2,0,0,0,0,0,0,0,0,0,0,0,0,0,0,0,0,0,0,0,0,0,0,1,0,0,0,0,0,both
1338,San Martín de Valdeiglesias,8760,16.986301,1488,7462,48,575,17,63,542,0,50,3,0,0,2,8,0,0,413,1,19,0,5,2,0,27,0,0,0,0,0,2,12,14,0,8,6,73,0,0,2,0,14,0,0,0,8,0,1,0,0,0,0,0,0,8,0,0,0,0,0,0,1,0,0,0,0,0,0,0,0,0,1,0,0,0,0,0,0,1,0,0,0,0,0,0,0,490,0,0,1,0,0,2,0,0,0,0,2,0,0,0,0,0,0,0,0,0,0,0,0,0,0,0,0,1,5,7,0,0,0,0,0,5,1,20,0,0,0,1,0,3,0,0,6,0,0,0,42,8,16,69,13,29,0,20,39,0,10,30,0,0,0,0,0,0,20,0,0,0,0,0,2,0,0,0,0,0,0,0,0,0,0,0,0,16,0,0,0,0,2,0,0,0,0,0,0,0,0,0,0,0,0,0,0,0,0,0,0,0,0,0,0,0,0,0,0,0,0,both
1343,San Sebastián de los Reyes,90962,17.755766,16151,77089,691,1012,444,1963,8676,3,1062,22,5,9,37,129,3,9,7003,9,165,10,17,16,0,503,0,0,1,0,5,54,66,275,0,146,159,801,0,0,30,13,94,5,13,10,84,0,6,10,4,0,1,10,13,34,2,4,0,0,0,4,27,0,0,0,19,7,0,0,12,0,11,1,0,2,4,6,2,4,2,0,0,11,0,1,2,511,0,0,0,0,0,8,0,3,0,1,11,0,0,0,1,0,0,0,1,2,0,0,0,0,0,0,0,23,86,91,0,0,1,0,9,82,0,204,1,23,2,249,0,75,2,0,328,0,0,0,206,77,161,936,71,333,0,682,491,0,16,788,0,1,1,0,18,0,399,1,120,45,2,4,67,27,14,3,0,0,0,3,5,0,2,1,0,26,0,18,0,2,15,0,0,12,4,0,0,0,1,3,0,0,0,0,0,6,3,0,2,0,0,1,0,0,0,0,0,0,0,both
1356,Santa María de la Alameda,1436,14.693593,211,1269,15,88,3,10,44,0,7,0,0,0,1,8,0,0,60,0,1,0,0,1,0,13,0,0,0,0,0,1,1,3,0,6,0,14,0,0,0,0,2,0,0,1,0,0,0,2,0,0,0,0,0,0,0,0,0,0,0,0,0,0,0,0,0,0,0,0,0,0,0,0,0,0,0,0,0,0,0,0,0,0,0,0,0,67,0,0,0,0,0,0,0,0,0,0,0,0,0,0,0,0,0,0,0,0,0,0,0,0,0,0,0,0,1,0,0,0,0,0,0,0,0,0,0,0,0,5,0,0,0,0,0,0,0,0,5,0,1,6,0,1,0,0,2,0,0,3,0,0,0,0,0,0,0,0,1,0,0,0,0,0,5,0,0,0,0,0,0,0,0,0,0,0,0,0,0,0,0,0,0,0,0,0,0,0,0,0,0,0,0,0,0,0,0,0,0,0,0,0,0,0,0,0,0,0,0,both
1369,Santorcaz,925,9.189189,85,882,5,4,1,3,22,0,8,0,0,0,0,0,0,0,21,0,0,0,0,0,0,2,0,0,0,0,0,0,2,1,0,1,1,33,0,0,0,0,3,0,0,0,0,0,0,0,0,0,0,0,0,0,0,0,0,0,0,0,0,0,0,0,0,0,0,0,0,0,0,0,0,0,0,0,0,1,0,0,0,0,0,0,0,2,0,0,0,0,0,0,0,0,0,0,0,0,0,0,0,0,0,0,0,0,0,0,0,0,0,0,0,0,0,1,0,0,0,0,0,1,0,0,0,1,0,0,0,0,0,0,0,0,0,0,1,2,0,1,1,0,0,0,0,0,2,0,0,0,0,0,0,0,3,0,0,0,0,0,0,0,0,0,0,0,0,0,0,0,0,0,0,0,0,0,0,0,5,0,0,0,0,0,0,0,0,0,0,0,0,0,0,0,0,0,0,0,0,0,0,0,0,0,0,0,0,both
1375,Santos de la Humosa (Los),2729,15.426896,421,2436,19,57,2,30,167,0,17,1,0,1,0,3,0,0,157,0,3,0,1,0,0,5,0,0,0,0,0,0,5,2,0,3,0,95,0,0,0,0,6,0,1,1,0,0,0,0,0,0,1,0,0,2,0,1,0,0,0,0,3,0,0,0,0,0,0,0,0,0,0,0,0,0,0,0,0,5,0,0,0,0,0,0,0,36,0,0,0,0,0,1,0,0,0,0,0,0,0,0,0,0,0,0,0,0,0,0,0,0,0,0,0,0,2,1,0,0,0,0,0,3,0,0,0,3,0,3,0,0,0,0,0,0,0,0,10,1,2,9,2,7,0,6,17,0,0,13,0,0,0,0,0,0,7,0,0,0,0,0,0,0,1,0,0,0,0,1,0,0,0,0,0,0,0,0,0,0,1,0,0,0,0,0,0,0,0,0,0,0,0,0,0,0,0,0,0,0,0,0,0,0,0,0,0,0,0,both
1381,Serna del Monte (La),96,19.791666,19,82,0,11,0,0,3,0,0,0,0,0,0,2,0,0,3,0,0,0,0,0,0,0,0,0,0,0,0,0,0,0,0,0,0,2,0,0,0,0,0,0,0,0,0,0,0,0,0,0,0,0,0,0,0,0,0,0,0,0,0,0,0,0,0,0,0,0,0,0,0,0,0,0,0,0,0,0,0,0,0,0,0,0,0,9,0,0,0,0,0,0,0,0,0,0,0,0,0,0,0,0,0,0,0,0,0,0,0,0,0,0,0,0,0,0,0,0,0,0,0,0,0,0,0,0,0,0,0,0,0,0,0,0,0,0,0,0,0,1,0,0,0,0,1,0,0,1,0,0,0,0,0,0,0,0,0,0,0,0,0,0,0,0,0,0,0,0,0,0,0,0,0,0,0,0,0,0,0,0,0,0,0,0,0,0,0,0,0,0,0,0,0,0,0,0,0,0,0,0,0,0,0,0,0,0,0,both
1408,Serranillos del Valle,4429,8.376609,371,4188,16,46,9,43,99,0,28,0,0,0,1,6,0,0,174,0,2,0,0,0,0,9,0,0,0,0,0,0,6,5,0,2,0,62,0,0,1,0,0,0,0,1,0,0,0,0,1,0,0,0,0,2,0,0,0,0,0,0,0,0,0,0,0,0,0,0,0,0,1,0,0,0,0,0,0,0,0,0,0,0,0,0,0,19,0,0,0,0,0,2,0,0,0,0,0,0,0,0,0,0,0,0,0,0,0,0,0,0,0,0,0,0,1,5,0,0,0,0,1,0,0,0,0,0,0,10,0,2,0,0,2,0,0,0,1,2,2,11,2,1,0,3,8,0,0,4,0,0,0,0,0,0,20,0,0,0,0,0,0,0,1,0,0,0,0,0,0,0,0,1,0,0,0,0,0,0,0,0,0,0,0,0,0,0,0,0,0,0,0,0,0,0,0,0,0,0,0,0,0,0,0,0,0,0,0,both
1415,Sevilla la Nueva,9345,15.259497,1426,8366,74,216,25,75,546,0,38,5,1,1,2,56,0,0,579,0,17,0,3,2,0,42,0,0,0,0,0,3,17,38,0,15,2,220,0,0,1,0,15,1,4,1,0,0,3,3,0,0,0,0,0,7,0,0,0,0,0,3,0,0,0,0,6,0,0,0,0,0,0,0,0,0,0,1,0,0,0,0,0,0,0,0,0,104,0,0,0,0,0,0,0,1,1,0,0,0,0,0,0,0,0,0,0,1,0,0,0,0,0,0,0,0,12,2,0,0,0,0,1,17,0,2,0,1,0,3,0,2,1,0,2,0,0,0,27,12,20,43,9,14,0,3,18,0,2,59,0,0,0,0,0,0,19,0,0,0,0,0,1,0,2,0,0,0,0,1,0,0,0,0,0,2,0,0,0,0,0,0,0,0,0,0,0,0,0,0,0,0,0,0,0,0,0,0,1,0,0,0,0,0,0,0,0,0,0,both
1436,Somosierra,87,6.8965516,6,84,0,0,0,1,1,0,1,0,0,0,0,0,0,0,1,0,1,0,0,0,0,0,0,0,0,0,0,0,0,0,0,0,0,2,0,0,0,0,0,0,0,0,0,0,0,0,0,0,0,0,0,0,0,0,0,0,0,0,0,0,0,0,0,0,0,0,0,0,0,0,0,0,0,0,0,0,0,0,0,0,0,0,0,0,0,0,0,0,0,0,0,0,0,0,0,0,0,0,0,0,0,0,0,0,0,0,0,0,0,0,0,0,0,0,0,0,0,0,0,0,0,1,0,0,0,0,0,0,0,0,0,0,0,0,0,0,0,1,0,0,0,0,0,0,0,0,0,0,0,0,0,0,0,0,0,0,0,0,0,0,0,0,0,0,0,0,0,0,0,0,0,0,0,0,0,0,0,0,0,0,0,0,0,0,0,0,0,0,0,0,0,0,0,0,0,0,0,0,0,0,0,0,0,0,0,both
1441,Soto del Real,9091,13.859861,1260,8186,91,150,43,86,470,0,59,6,0,2,4,10,0,2,480,2,14,0,0,5,0,35,0,0,0,0,0,5,15,3,0,39,16,199,0,0,3,0,11,0,3,0,0,0,0,0,0,0,0,1,0,6,0,0,0,1,0,0,1,0,0,0,0,0,0,0,0,0,0,0,0,0,0,0,0,2,1,0,0,0,0,0,1,77,0,0,0,0,0,0,0,0,0,0,0,0,0,0,0,0,0,0,0,0,0,0,0,0,0,0,0,2,10,4,0,0,0,0,0,13,0,12,0,0,0,26,0,4,1,0,3,0,0,0,24,22,7,52,18,14,0,24,9,0,1,42,0,0,0,0,0,0,16,0,3,4,0,0,7,0,0,0,0,0,0,0,0,0,0,0,0,1,0,0,0,0,0,0,0,0,1,0,0,0,0,0,0,0,0,0,0,0,1,0,1,0,0,0,0,0,0,0,0,0,0,both
1454,Talamanca de Jarama,4123,17.948095,740,3591,34,86,9,80,299,0,24,0,0,0,0,1,0,0,230,0,3,3,2,0,0,16,0,0,0,0,0,0,14,6,0,5,0,156,0,0,1,0,10,0,4,0,0,0,0,0,1,0,0,0,0,5,0,0,0,0,0,0,11,0,0,0,0,0,0,0,0,0,0,0,0,0,0,0,0,0,0,0,0,0,0,0,0,42,0,0,0,0,0,0,0,0,0,0,0,0,0,0,0,0,0,0,0,0,0,0,0,0,0,0,0,0,5,1,0,0,0,0,2,9,0,3,0,0,0,38,0,3,0,0,10,0,0,0,10,7,6,26,3,20,0,17,18,0,4,36,0,0,0,0,0,0,6,0,1,0,0,2,3,0,0,0,0,0,0,0,0,0,0,0,0,0,0,0,0,0,0,0,0,0,0,0,0,0,0,0,0,0,0,0,0,0,0,0,0,0,0,0,0,0,0,0,0,0,0,both
1467,Tielmes,2781,21.574972,600,2470,9,81,1,30,171,0,19,0,0,0,0,4,0,0,108,0,1,0,0,0,0,5,0,0,0,0,0,0,7,4,0,2,1,260,0,0,0,0,1,0,0,0,0,0,0,0,0,0,0,0,0,1,0,0,0,0,0,0,5,0,0,0,0,0,0,0,0,0,0,0,0,1,0,0,0,0,0,0,0,0,0,0,0,64,0,0,0,0,0,0,0,0,0,0,0,0,0,0,0,0,0,0,0,0,0,0,0,0,0,0,0,0,1,0,0,0,0,0,0,5,0,0,0,0,0,11,0,1,1,0,0,0,0,0,3,1,5,17,1,8,0,7,32,0,1,23,0,0,0,0,0,0,8,0,0,0,0,0,6,0,0,1,0,0,0,0,0,0,0,0,0,1,0,0,0,0,3,0,0,0,0,0,0,0,0,0,0,0,0,0,0,0,0,0,0,0,0,0,0,0,0,0,0,0,0,both
1473,Titulcia,1360,11.838235,161,1242,8,24,0,23,61,0,2,0,0,0,0,2,0,0,59,0,1,0,0,0,0,1,0,0,0,0,0,0,5,2,0,0,0,26,0,0,0,0,3,0,0,0,0,0,0,0,0,0,0,0,0,0,0,0,0,0,0,0,0,0,0,0,0,0,0,0,0,0,0,0,0,1,0,0,0,0,0,0,0,0,0,0,0,17,0,0,0,0,0,0,0,0,0,0,0,0,0,0,0,0,0,0,0,0,0,0,0,0,0,0,0,0,0,0,0,0,0,0,0,2,0,0,0,0,0,1,0,3,0,0,5,0,0,0,0,1,1,7,3,6,0,11,1,0,1,0,0,0,0,0,0,0,0,0,0,0,0,0,2,0,0,0,0,0,0,0,0,0,0,0,0,0,0,0,0,0,0,0,0,0,0,0,0,0,0,0,0,0,0,0,0,0,0,0,0,0,0,0,0,0,0,0,0,0,0,both
1489,Torrejón de Ardoz,132771,21.21171,28163,112819,866,4387,254,2426,10890,0,1101,28,8,6,15,193,0,2,9873,8,71,7,9,10,0,304,0,0,1,0,1,22,440,199,0,59,29,6536,0,0,8,9,336,2,68,10,3,0,5,7,5,1,4,1,54,41,0,4,0,1,0,10,24,1,0,0,5,31,0,5,11,0,4,1,1,15,207,65,47,352,0,0,0,2,0,0,30,1536,0,3,0,0,0,523,0,2,0,0,181,0,10,0,0,0,1,0,0,4,5,7,0,0,0,0,1,5,77,62,0,0,0,1,14,189,0,37,0,16,3,145,0,53,5,0,427,0,0,0,115,93,221,2136,109,484,0,120,662,0,26,866,0,0,0,0,4,0,545,0,78,78,2,2,5,4,4,7,0,0,0,1,1,0,0,7,0,60,0,7,0,0,28,0,3,8,4,0,0,5,2,0,0,0,0,1,0,2,2,0,1,0,0,0,0,0,0,0,0,0,0,both
1492,Torrejón de la Calzada,9549,12.734318,1216,8522,56,176,16,88,368,0,322,1,0,0,2,22,0,0,420,1,2,0,1,1,0,12,0,0,0,0,0,4,10,3,0,1,2,85,0,0,0,0,15,0,8,2,0,0,0,0,0,0,0,0,3,1,0,0,0,0,0,0,0,0,0,0,2,1,0,0,0,0,0,0,0,0,0,0,0,3,0,0,0,0,0,0,0,100,0,0,0,0,0,0,0,0,0,0,0,0,1,0,0,0,0,0,0,0,0,0,0,0,0,0,0,0,5,2,0,0,0,0,0,13,0,2,0,0,0,7,0,6,0,0,8,0,0,0,17,9,10,44,1,28,0,5,26,0,1,22,0,0,0,0,7,0,295,0,3,0,0,0,0,0,0,0,0,0,0,0,0,0,0,0,0,0,0,0,0,0,0,0,0,0,0,0,0,0,0,0,0,0,0,0,0,0,0,0,0,0,0,0,0,0,0,0,0,3,0,both
1505,Torrejón de Velasco,4594,8.010448,368,4325,10,52,4,27,159,0,17,0,0,1,0,17,0,0,163,0,1,0,1,1,0,9,0,0,0,0,0,0,5,0,0,1,1,49,0,0,0,0,0,0,2,0,0,0,0,0,0,0,0,0,0,0,0,0,0,0,0,0,0,0,0,0,0,0,0,0,0,0,0,0,0,0,0,0,0,4,0,0,0,0,0,0,0,31,0,0,0,0,0,3,0,0,0,0,0,0,0,0,0,0,0,0,0,0,0,0,0,0,0,0,0,0,0,2,0,0,0,0,0,5,0,0,0,0,0,0,0,0,3,0,3,0,0,0,3,1,5,10,0,13,0,3,14,0,0,3,0,0,0,0,0,0,12,0,1,0,0,0,0,0,0,0,0,0,0,0,0,0,0,0,0,0,0,1,0,0,0,0,0,0,0,0,0,0,0,0,0,0,0,0,0,0,0,0,0,0,0,0,0,0,0,0,0,0,0,both
1512,Torrelaguna,4897,19.338371,947,4341,28,195,2,34,277,0,20,0,0,0,1,20,0,0,287,0,1,0,0,1,0,12,0,0,0,0,0,0,15,7,0,4,3,306,0,0,1,0,18,0,0,0,0,0,0,0,0,0,0,0,0,2,0,0,0,0,0,0,8,0,0,0,0,0,0,1,0,0,1,0,0,0,0,0,0,0,0,0,0,0,0,0,0,132,0,0,0,0,0,0,0,0,3,0,0,0,0,0,0,0,1,0,0,0,0,0,0,0,0,0,0,0,0,0,0,0,0,0,0,1,0,0,0,1,0,4,0,4,2,0,9,0,0,0,4,6,9,24,1,10,0,6,10,0,0,17,0,0,0,0,0,0,6,0,0,0,0,4,0,0,0,0,0,0,0,0,0,0,0,0,0,0,0,0,0,0,2,0,0,0,0,0,0,0,0,0,0,0,0,3,0,0,0,0,0,0,0,0,0,0,0,0,0,0,0,both
1527,Torrelodones,24122,12.988144,3133,21639,260,200,278,191,1313,0,223,18,0,4,21,13,0,4,1524,2,52,1,1,19,0,148,0,0,0,0,4,21,20,56,0,86,60,138,0,0,4,6,33,1,0,3,0,1,0,1,3,0,2,0,0,10,1,3,0,0,1,0,6,0,0,0,6,1,0,0,1,0,2,0,1,1,0,2,0,0,1,0,0,0,0,0,2,64,0,0,1,0,0,1,0,3,0,0,4,0,1,0,1,0,0,0,0,0,0,0,0,0,1,0,0,3,62,46,0,0,0,0,0,16,0,2,0,4,0,48,0,19,0,0,7,0,0,0,57,28,36,117,13,32,0,27,42,0,8,88,0,0,0,0,2,0,74,0,26,2,0,0,0,0,8,0,0,0,0,2,0,0,0,0,0,7,0,4,0,1,2,0,3,1,0,0,0,1,0,0,0,0,0,0,0,0,3,0,0,0,0,0,0,0,0,0,0,0,0,both
1533,Torremocha de Jarama,1079,13.067656,141,975,4,48,2,8,33,0,9,0,0,0,1,2,0,0,40,0,2,0,2,0,0,3,0,0,0,0,0,0,3,2,0,3,1,10,0,0,0,0,0,0,0,0,0,0,0,0,0,0,0,0,0,0,0,0,0,0,0,0,0,0,0,0,0,0,0,0,0,0,0,0,0,0,0,0,0,2,0,0,0,0,0,0,0,34,0,0,0,0,0,0,0,0,0,0,0,0,0,0,4,0,0,0,0,0,0,0,0,0,0,0,0,0,2,0,0,0,0,0,0,0,0,2,0,0,0,0,0,5,0,0,0,0,0,0,0,0,3,2,1,1,0,0,5,0,0,3,0,0,0,0,0,0,0,0,0,0,0,8,0,0,0,0,0,0,0,0,0,0,0,0,0,0,0,0,0,0,0,0,0,0,0,0,0,0,0,0,0,0,0,0,0,0,0,0,0,0,0,0,0,0,0,0,0,0,0,both
1548,Torres de la Alameda,7729,12.433691,961,7163,26,174,20,69,246,0,29,2,0,0,2,4,0,0,284,0,4,0,0,1,0,14,0,0,0,0,1,4,31,24,0,3,11,259,0,0,0,0,1,0,0,2,0,0,2,2,0,0,0,0,0,9,0,0,0,0,0,1,0,0,0,0,1,0,0,0,2,0,0,0,0,0,0,0,0,0,0,0,0,0,0,0,0,122,0,0,0,0,0,0,0,0,0,1,1,0,0,0,0,0,0,0,0,0,0,0,0,0,0,0,0,0,2,10,0,0,0,0,1,19,0,1,0,2,0,3,0,1,0,0,9,0,0,0,16,1,5,33,8,7,0,9,10,0,2,15,0,0,0,0,0,0,19,0,0,0,0,0,0,0,1,0,0,0,0,0,0,0,0,0,0,0,0,0,0,0,0,0,0,1,0,0,0,0,0,0,0,0,0,0,0,0,0,0,0,0,0,0,0,0,0,0,0,0,0,both
1551,Valdaracete,612,9.313725,57,589,0,6,1,2,14,0,0,0,0,0,0,0,0,0,13,0,0,0,0,0,0,1,0,0,0,0,0,0,0,1,0,0,1,27,0,0,1,0,0,0,0,0,0,0,0,0,0,0,0,0,0,0,0,0,0,0,0,0,0,0,0,0,0,0,0,0,0,0,0,0,0,0,0,0,0,0,0,0,0,0,0,0,0,4,0,0,0,0,0,0,0,0,0,0,0,0,0,0,0,0,0,0,0,0,0,0,0,0,0,0,0,0,0,0,0,0,0,0,0,0,0,0,0,0,0,0,0,0,0,0,1,0,0,0,0,2,2,1,3,0,0,0,0,0,0,0,0,0,0,0,0,0,0,0,0,0,0,0,0,0,0,0,0,0,0,0,0,0,0,0,0,0,0,0,0,0,0,0,0,0,0,0,0,0,0,0,0,0,0,0,0,0,0,0,0,0,0,0,0,0,0,0,0,0,0,both
1564,Valdeavero,1670,16.107784,269,1572,7,18,3,11,51,0,8,0,0,0,0,5,0,0,57,0,9,1,0,0,0,4,0,0,0,0,0,0,11,6,0,0,1,129,0,0,0,0,0,0,3,0,0,0,0,0,0,0,0,0,0,0,0,0,0,0,0,0,0,0,0,0,0,3,0,0,0,0,0,0,0,0,0,0,0,0,0,0,0,0,0,0,0,9,0,0,0,0,0,3,0,0,0,0,0,0,0,0,0,0,0,0,0,0,0,0,0,0,0,0,0,0,1,2,0,0,0,0,0,2,0,0,0,0,0,1,0,0,0,0,0,0,0,0,2,0,3,3,0,0,0,2,1,0,1,3,0,0,0,0,0,0,4,0,0,0,0,0,0,0,0,0,0,0,0,0,2,0,0,0,0,0,0,0,0,0,1,0,0,0,0,0,0,0,0,0,0,0,0,0,0,0,0,0,0,0,0,0,0,0,0,0,0,0,0,both
1570,Valdelaguna,1026,16.276804,167,913,7,27,0,2,72,0,5,0,1,0,0,21,0,0,45,0,1,0,0,0,0,8,0,0,0,0,0,0,0,2,0,1,0,26,0,0,0,0,0,0,0,0,0,0,1,0,0,0,0,0,0,2,0,0,0,0,0,0,0,0,0,0,0,0,0,0,0,0,0,0,0,0,0,0,0,0,0,0,0,0,0,0,0,20,0,0,0,0,0,0,0,0,0,0,0,0,0,0,0,0,0,0,0,0,0,0,0,0,0,0,0,0,0,0,0,0,0,0,0,0,0,0,0,0,0,0,0,0,0,0,0,0,0,0,0,0,1,2,0,4,0,2,16,0,0,10,0,0,0,0,0,0,4,0,0,0,0,0,0,0,0,0,0,0,0,0,0,0,0,0,0,0,0,0,0,0,0,0,0,0,0,0,0,0,0,0,0,0,0,0,0,0,0,0,0,0,0,0,0,0,0,0,0,0,0,both
1586,Valdemanco,1012,13.636364,138,912,16,19,4,15,43,0,3,0,0,0,1,0,0,0,44,0,1,0,0,0,0,6,0,0,0,0,0,0,2,0,0,0,0,28,0,0,0,0,15,0,0,0,0,0,0,0,0,0,0,0,0,0,0,0,0,0,0,0,0,0,0,0,0,0,0,0,0,0,0,0,0,0,0,0,0,0,0,0,0,0,0,0,0,10,0,0,0,0,0,0,0,0,0,0,0,0,0,0,0,0,0,0,0,1,0,0,0,0,0,0,0,0,0,0,0,0,0,0,0,0,0,3,0,0,0,3,0,0,0,0,0,0,0,0,0,1,1,9,2,4,0,0,4,0,0,3,0,0,0,0,0,0,0,0,0,0,0,0,0,0,0,0,0,0,0,0,0,0,0,0,0,0,0,0,0,0,0,0,0,0,0,0,0,0,0,0,0,0,0,0,0,0,0,0,0,0,0,0,0,0,0,0,0,0,0,both
1599,Valdemaqueda,789,9.632446,76,720,1,42,0,9,17,0,0,0,0,0,0,0,0,0,29,0,0,0,0,0,0,2,0,0,0,0,0,0,1,0,0,0,0,3,0,0,0,0,1,0,0,0,0,0,0,0,0,0,0,0,0,0,0,0,0,0,0,0,0,0,0,0,0,0,0,0,0,0,0,0,0,0,0,0,0,0,0,0,0,0,0,0,0,29,0,0,0,0,0,0,0,0,0,0,0,0,0,0,0,0,0,0,0,0,0,0,0,0,0,0,0,0,0,0,0,0,0,0,0,3,0,0,0,0,0,0,0,0,0,0,1,0,0,0,0,0,0,1,0,0,0,2,3,0,0,1,0,0,0,0,0,0,0,0,0,0,0,0,0,0,0,0,0,0,0,0,0,0,0,0,0,0,0,0,0,0,0,0,0,0,0,0,0,0,0,0,0,0,0,0,0,0,0,0,0,0,0,0,0,0,0,0,0,0,0,both
1603,Valdemorillo,13245,18.172895,2407,11402,132,505,66,191,869,0,75,5,0,1,3,56,0,0,934,2,73,2,1,10,0,60,0,0,0,0,1,6,16,35,0,37,18,215,0,0,4,3,16,0,8,0,4,3,0,1,2,0,0,1,0,12,0,1,0,0,0,0,0,0,0,0,1,0,0,0,0,0,1,0,0,0,0,0,0,0,1,0,0,0,0,0,0,317,0,0,0,0,0,0,0,0,0,0,0,0,0,0,0,0,0,0,0,0,0,0,0,0,0,0,0,3,12,8,0,0,0,0,0,17,0,6,0,2,0,93,0,3,0,0,7,2,0,0,26,18,52,68,7,40,0,23,79,0,4,43,0,0,0,0,0,0,15,0,6,2,0,0,1,2,2,2,0,0,0,0,1,0,0,1,0,10,0,1,0,0,5,0,0,0,0,0,0,0,0,0,0,0,0,0,0,0,1,0,0,0,0,0,0,0,0,0,0,0,0,both
1610,Valdemoro,77587,15.677884,12164,67946,556,1290,123,999,6095,0,565,13,3,9,6,221,0,3,5395,2,24,4,6,3,0,231,0,1,0,0,0,10,143,140,0,37,24,1487,0,0,7,0,242,0,35,0,3,1,1,4,1,1,1,0,6,32,1,1,0,0,3,2,31,0,0,0,20,1,0,0,9,0,17,2,1,0,2,6,1,22,0,0,0,5,0,0,13,619,0,1,0,0,3,66,0,0,0,0,44,0,0,0,0,0,0,0,0,0,0,0,0,2,0,0,0,0,19,29,0,0,0,0,6,116,0,21,0,6,1,153,0,39,4,0,98,0,0,0,106,54,161,692,20,202,0,69,312,0,38,627,0,0,0,0,5,0,329,0,5,25,1,0,12,0,6,0,1,0,0,0,2,0,3,2,0,21,0,7,0,0,12,0,2,2,1,0,0,0,0,0,0,0,0,0,0,0,0,0,0,0,0,0,0,0,0,0,0,0,0,both
1625,Valdeolmos-Alalpardo,4309,16.639591,717,3765,36,78,33,63,305,0,28,1,0,0,1,5,0,1,297,0,12,0,0,1,0,33,0,0,0,0,0,1,10,10,0,6,5,85,0,0,2,1,6,0,0,0,0,0,0,0,0,0,0,0,0,9,0,0,0,0,0,0,0,0,0,0,1,6,0,1,0,0,0,0,0,0,0,0,0,1,0,0,0,0,0,0,0,40,0,0,0,0,0,1,0,0,0,0,0,0,0,0,0,0,0,0,0,0,0,0,0,0,0,0,0,0,8,8,0,0,0,0,0,11,0,4,0,0,0,9,0,0,0,0,3,0,0,0,5,10,6,60,2,7,0,9,8,0,3,13,0,0,0,0,0,0,8,0,1,0,0,0,0,0,0,1,0,0,1,1,0,0,0,0,0,0,0,1,1,0,1,0,0,0,0,0,0,0,0,0,0,0,0,0,0,0,1,0,0,0,0,0,0,0,0,0,0,0,0,both
1631,Valdepiélagos,612,12.581699,77,563,9,11,2,5,21,0,1,0,0,1,0,3,0,2,26,0,2,0,0,0,0,4,0,0,0,0,0,0,0,2,0,2,1,12,0,0,0,1,0,0,0,0,0,0,0,0,0,0,0,0,0,2,0,0,0,0,0,0,0,0,0,0,0,0,0,0,0,0,0,0,0,0,0,0,0,1,0,0,0,0,0,0,0,7,0,0,0,0,0,0,0,0,0,0,0,0,0,0,0,0,0,0,0,0,0,0,0,0,0,0,0,0,0,0,0,0,0,0,0,0,0,0,0,0,0,4,0,0,0,0,1,0,0,0,1,0,0,4,0,0,0,0,0,0,0,1,0,0,0,0,0,0,0,0,0,0,0,0,0,0,0,0,0,0,0,0,0,0,0,0,0,0,0,0,0,0,0,0,0,0,0,0,0,0,0,0,0,0,0,0,0,0,0,0,0,0,0,0,0,0,0,0,0,0,0,both
1646,Valdetorres de Jarama,4696,15.0553665,707,4158,27,140,11,37,292,0,29,2,0,0,3,12,0,0,215,0,8,4,1,1,0,4,0,0,0,0,0,8,0,8,0,3,7,89,0,0,1,6,6,0,0,0,0,0,0,0,0,0,0,0,0,2,0,0,0,0,0,6,0,0,0,0,0,0,0,0,0,0,0,0,0,0,0,0,0,2,0,0,0,0,0,0,0,98,0,0,0,0,0,0,0,0,0,0,3,0,0,0,0,0,0,0,0,0,0,0,0,0,0,0,0,0,2,2,0,0,0,0,0,1,1,16,0,0,0,5,0,2,0,0,0,0,0,0,9,5,6,30,1,8,0,84,12,0,5,10,0,0,0,0,0,0,11,0,0,0,0,0,8,0,1,0,0,0,0,0,0,0,0,0,0,0,0,0,0,0,0,0,0,0,0,0,0,0,0,0,0,0,0,0,0,0,1,0,0,0,0,0,0,0,0,0,0,0,0,both
1659,Valdilecha,3079,22.604742,696,2710,20,68,4,29,213,0,35,0,0,0,0,9,0,0,147,0,1,0,0,0,0,16,0,0,0,0,0,0,14,10,0,2,0,279,0,0,0,0,6,0,0,0,0,3,2,0,0,0,0,0,3,2,0,0,0,0,0,0,0,0,0,0,0,0,0,1,0,0,0,0,0,0,0,0,0,0,0,0,0,0,0,0,0,52,0,0,0,0,0,0,0,0,0,0,0,0,0,0,0,0,0,0,0,3,0,0,0,0,0,0,0,0,0,1,0,0,0,0,0,0,0,0,0,0,0,4,0,2,4,0,3,0,0,0,7,0,2,30,0,8,0,9,15,0,0,32,0,0,0,0,0,0,7,0,0,0,0,0,5,0,0,0,0,0,0,0,0,0,0,0,0,16,0,0,0,0,0,0,0,0,0,0,0,0,0,0,1,0,0,0,0,0,0,0,0,0,0,0,0,0,0,0,0,0,0,both
1662,Valverde de Alcalá,518,18.146719,94,451,7,31,3,3,23,0,0,0,0,0,0,1,0,0,20,0,0,0,0,0,0,1,0,0,0,0,0,0,0,1,0,0,1,24,0,0,0,0,2,0,0,0,0,0,0,0,0,0,0,0,0,0,0,0,0,0,0,1,0,0,0,0,0,0,0,0,0,0,0,0,0,0,0,0,0,0,0,0,0,0,0,0,0,27,0,0,0,0,0,0,0,0,0,0,0,0,0,0,0,0,0,0,0,0,0,0,0,0,0,0,0,0,0,0,0,0,0,0,0,0,0,2,0,0,0,0,0,0,0,0,0,0,0,0,0,0,1,1,0,2,0,1,7,0,0,1,0,0,0,0,0,0,0,0,0,0,0,0,0,0,0,0,0,0,0,0,0,0,0,0,0,0,0,0,0,0,0,0,0,0,0,0,0,0,0,0,0,0,0,0,0,0,0,0,0,0,0,1,0,0,0,0,0,0,0,both
1678,Velilla de San Antonio,12543,12.7640915,1601,11690,126,111,20,103,409,0,78,6,4,0,0,13,0,0,522,0,9,1,0,0,0,28,0,0,0,0,0,1,28,14,0,8,6,564,0,0,0,0,57,0,17,0,0,0,0,0,5,0,0,0,0,9,0,0,0,0,0,0,1,0,0,0,0,0,0,0,0,0,0,0,0,0,0,0,0,2,0,0,0,0,0,0,0,66,0,0,0,0,0,0,0,0,0,0,0,0,0,0,0,0,0,0,0,0,0,0,0,0,0,0,0,1,6,0,0,0,0,0,0,37,0,0,0,0,0,5,0,1,1,0,2,0,0,0,10,1,10,32,0,9,0,9,20,0,3,40,0,0,0,0,0,0,36,0,3,0,0,0,1,0,0,2,0,0,0,0,0,0,0,1,0,12,0,0,0,0,1,0,0,2,0,0,0,0,0,0,0,0,0,0,0,0,0,0,0,0,0,0,0,0,0,0,0,1,0,both
1684,Vellón (El),2083,24.387901,508,1668,9,158,1,48,189,0,10,0,1,0,0,3,0,0,160,0,1,0,4,0,0,3,0,0,0,0,0,0,5,12,0,4,2,53,0,0,0,0,0,0,0,0,0,0,0,0,1,0,0,0,0,2,0,0,0,0,0,0,0,0,0,0,0,0,0,0,0,0,0,0,0,2,0,1,0,0,0,0,0,0,0,0,0,130,0,0,0,0,0,0,0,0,0,0,1,0,0,0,0,0,0,0,0,0,0,0,0,0,0,0,0,0,0,1,0,0,0,0,0,3,0,0,0,0,0,8,0,11,0,0,5,0,0,0,4,3,5,37,4,8,0,9,7,0,1,12,0,0,0,0,0,0,0,0,1,0,0,0,0,0,0,1,0,0,0,0,0,0,0,0,0,2,0,0,0,0,0,0,0,1,0,0,0,0,0,0,0,0,0,0,0,0,0,0,0,0,0,0,0,0,0,0,0,0,0,both
1697,Venturada,2387,14.453289,345,2123,47,26,14,25,127,0,21,4,0,2,3,0,0,1,155,2,10,0,0,2,0,4,0,0,0,0,0,5,4,15,0,17,5,17,0,0,2,0,2,0,0,0,0,0,0,0,0,0,1,0,0,12,0,0,0,0,0,0,0,0,0,0,0,0,0,0,0,0,0,0,0,0,0,3,0,0,0,0,0,0,0,0,0,11,0,0,0,0,0,5,0,0,0,0,0,0,0,0,0,0,0,0,0,0,0,0,0,0,0,0,0,0,8,3,0,0,0,0,0,4,0,0,0,0,0,2,0,0,0,0,3,0,0,0,4,2,2,10,0,5,0,4,2,0,0,2,0,0,0,0,0,0,11,0,1,0,1,0,0,1,0,1,0,0,0,0,0,0,0,0,0,0,0,0,0,0,0,0,0,0,0,0,0,0,0,0,0,0,0,0,0,0,1,0,0,0,0,0,0,0,0,0,0,0,0,both
1701,Villaconejos,3464,13.163972,456,3128,9,115,1,39,163,0,9,0,0,0,0,4,0,0,111,0,2,0,0,0,0,0,0,0,0,0,0,0,0,1,0,0,0,104,0,0,0,0,1,0,1,0,0,0,0,0,0,0,0,0,0,0,0,0,0,0,0,0,0,0,0,0,1,0,0,0,0,0,0,0,0,0,0,0,0,0,0,0,0,0,0,0,0,91,0,0,0,0,0,0,0,0,0,0,0,0,0,0,0,0,0,0,0,0,0,0,0,0,0,0,0,0,2,0,0,0,0,0,0,2,0,0,0,0,0,19,0,1,0,0,4,0,0,0,0,2,6,44,0,29,0,8,4,0,0,10,0,0,0,0,0,0,4,0,0,0,0,0,0,0,0,1,0,0,0,0,0,0,0,0,0,3,0,0,0,0,1,0,0,0,0,0,0,0,0,0,0,0,0,0,0,0,0,0,0,0,0,0,0,0,0,0,0,0,0,both
1718,Villa del Prado,6837,22.334356,1527,5569,29,459,11,258,487,0,22,2,0,0,3,5,0,0,437,0,5,0,1,1,0,9,0,1,0,0,0,1,2,13,0,4,2,182,0,0,0,0,13,0,0,2,0,0,0,0,1,0,0,0,0,1,0,0,0,0,0,0,1,0,0,0,0,0,0,0,0,0,0,0,0,0,0,0,0,0,0,0,0,0,0,0,0,399,0,0,0,0,0,0,0,0,0,0,1,0,0,0,0,0,0,0,0,0,0,0,0,0,0,0,0,0,5,2,0,0,0,0,0,3,1,21,0,68,0,66,0,13,0,0,11,0,0,0,8,29,11,44,2,113,0,11,13,0,0,6,0,0,0,0,0,0,13,0,0,0,0,1,0,0,0,0,0,0,0,0,0,0,0,0,0,2,0,0,0,0,0,0,0,0,0,0,0,0,0,0,0,0,0,0,0,0,0,0,0,0,0,0,0,0,0,0,0,0,0,both
1723,Villalbilla,15049,10.851219,1633,13982,89,75,83,103,623,0,90,4,0,2,5,20,0,0,719,0,21,1,3,3,0,67,0,0,0,0,2,5,31,32,0,18,16,284,0,0,4,1,7,2,3,0,0,0,1,1,2,0,3,0,0,6,0,3,0,0,0,1,5,0,0,0,1,0,0,0,1,0,0,0,0,0,0,1,0,11,0,0,0,0,0,0,0,12,0,0,0,0,0,4,0,0,0,0,4,0,0,0,0,0,0,0,0,0,0,0,0,0,0,0,0,0,45,8,0,0,0,0,0,10,0,2,0,1,0,3,0,2,0,0,10,0,0,0,37,3,20,41,6,13,0,9,21,0,3,51,0,0,0,0,0,0,36,0,2,0,0,0,2,0,0,1,0,0,0,0,0,0,0,0,0,2,0,0,0,0,0,0,0,1,0,0,0,0,0,0,0,0,0,0,0,2,0,0,0,0,0,0,0,0,0,0,0,0,0,both
1739,Villamanrique de Tajo,762,14.435696,110,701,3,36,1,5,16,0,0,0,0,0,0,0,0,0,24,0,0,0,0,0,0,0,0,0,0,0,0,0,0,0,0,0,0,45,0,0,0,0,3,0,0,0,0,0,0,0,0,0,0,0,0,0,0,0,0,0,0,0,5,0,0,0,0,1,0,0,0,0,0,0,0,0,0,0,0,0,0,0,0,0,0,0,0,23,0,0,0,0,0,0,0,0,1,0,0,0,0,0,0,0,0,0,0,0,0,0,0,0,0,0,0,0,0,0,0,0,0,0,0,0,0,0,0,0,0,1,0,0,0,0,0,0,0,0,1,0,0,2,2,1,0,0,0,0,0,1,0,0,0,0,0,0,0,0,0,0,0,0,0,0,0,0,0,0,0,0,0,0,0,0,0,0,0,0,0,0,0,0,0,0,0,0,0,0,0,0,0,0,0,0,0,0,0,0,0,0,0,0,0,0,0,0,0,0,0,both
1744,Villamanta,2643,16.723421,442,2291,15,173,3,33,122,0,6,0,0,0,0,6,0,0,138,0,0,0,0,1,0,7,0,0,0,0,0,1,1,5,0,2,0,58,0,0,0,0,8,1,0,0,0,0,0,0,0,0,0,0,0,1,0,0,0,0,0,0,0,0,0,0,0,0,0,0,0,0,0,0,0,0,0,0,0,0,0,0,0,0,0,0,0,139,0,0,0,0,0,1,0,0,0,0,0,0,0,0,0,0,0,0,0,0,0,0,0,0,0,0,0,0,1,0,0,0,0,0,0,1,0,7,0,0,0,7,0,0,0,0,1,0,0,0,1,10,1,16,2,3,0,3,8,0,0,6,0,0,0,0,0,0,3,0,0,0,0,0,2,0,1,0,0,0,0,0,0,0,0,0,0,0,0,0,0,0,0,0,0,0,0,0,0,0,0,0,0,0,0,0,0,0,0,0,0,0,0,0,0,0,0,0,0,0,0,both
1757,Villamantilla,1514,18.956408,287,1302,9,70,7,24,98,0,3,1,1,0,0,5,0,0,93,0,1,0,0,0,0,7,0,0,0,0,0,0,2,3,0,1,2,54,0,0,0,0,0,0,0,0,0,0,0,0,0,0,0,0,0,3,0,0,0,0,0,0,3,0,0,0,1,2,0,0,0,0,0,0,0,0,0,0,0,0,0,0,0,0,0,0,0,46,0,0,0,0,0,0,0,0,0,0,1,0,0,0,0,0,0,0,0,0,0,0,0,0,0,0,0,0,3,0,0,0,0,0,0,6,0,6,0,0,0,3,0,0,0,0,0,0,0,0,3,2,8,14,1,1,0,1,2,0,0,10,0,0,0,0,0,0,0,0,0,0,1,0,0,0,0,0,0,0,0,0,0,0,0,0,0,0,0,1,0,0,0,0,0,0,0,0,0,0,0,0,0,0,0,0,0,0,0,0,0,0,0,0,0,0,0,0,0,0,0,both
1760,Villanueva de la Cañada,22580,23.994686,5418,18571,277,450,192,617,2256,0,211,6,3,1,19,16,4,1,1954,4,424,7,7,11,0,236,0,1,0,0,2,22,27,60,0,64,49,492,0,0,10,9,63,4,1,1,3,0,1,1,0,2,3,2,0,16,0,4,0,0,0,4,14,0,1,0,0,1,0,1,2,0,2,0,0,0,0,0,0,5,0,0,0,1,0,2,7,228,0,8,0,0,0,0,0,0,0,0,1,0,0,0,0,0,0,1,0,3,0,0,0,0,0,0,0,3,44,29,0,0,0,0,3,17,0,18,0,6,1,405,0,14,2,0,8,0,0,0,88,54,37,175,31,75,0,29,235,0,5,176,0,2,0,0,1,0,84,0,28,2,0,0,6,3,0,2,0,0,0,1,0,0,0,0,0,7,0,4,0,0,3,0,0,12,0,0,0,0,0,1,1,0,0,0,0,0,1,0,0,0,0,0,0,0,0,0,0,0,0,both
1776,Villanueva del Pardillo,17310,18.001156,3116,14953,98,347,87,345,1394,0,83,3,0,1,7,22,0,0,1314,0,37,1,3,3,1,120,0,0,1,0,1,7,26,50,0,18,21,446,0,0,5,2,12,0,2,1,0,1,1,2,0,0,0,0,0,8,0,0,0,0,0,0,2,0,0,0,2,0,0,0,1,0,0,0,0,0,0,0,0,0,0,0,0,0,0,0,0,188,0,0,0,0,0,1,0,1,0,0,0,0,0,0,0,0,1,1,0,2,0,0,0,0,0,0,0,0,20,9,0,0,0,0,0,4,0,5,0,5,0,174,0,8,0,0,11,0,0,0,31,16,30,157,12,16,0,25,129,0,4,99,0,0,0,0,0,0,29,0,3,0,0,0,1,0,3,0,0,0,0,0,0,0,0,0,0,5,0,1,0,0,0,0,0,5,0,0,0,0,0,0,0,0,0,0,0,0,2,0,0,0,0,0,0,0,0,0,0,0,0,both
1782,Villanueva de Perales,1599,12.132583,194,1459,6,50,3,1,75,0,4,1,0,0,0,8,0,0,70,0,2,0,0,0,0,2,0,0,0,0,0,0,1,5,0,3,1,25,0,0,0,0,0,0,0,0,0,0,1,0,0,0,0,0,0,0,0,0,0,0,0,0,0,0,0,0,0,0,0,0,0,0,0,0,0,0,0,0,0,0,0,0,0,0,0,0,0,30,0,0,0,0,0,1,0,0,0,0,0,0,0,0,0,0,0,0,0,0,0,0,0,0,0,0,0,0,3,0,0,0,0,0,0,0,0,0,0,0,0,0,0,1,0,0,0,0,0,0,1,3,2,10,0,2,0,9,3,0,2,6,0,0,0,0,0,0,2,0,1,0,0,0,0,0,0,0,0,0,0,0,0,0,0,0,0,0,0,0,0,0,0,0,0,0,0,0,0,0,0,0,0,0,0,0,0,0,0,0,0,0,0,0,0,0,0,0,0,0,0,both
1795,Villar del Olmo,2211,16.10131,356,2022,31,6,14,23,95,0,20,0,3,0,0,6,0,0,103,0,6,0,1,1,0,5,0,0,0,0,0,1,9,4,0,7,4,116,0,0,0,1,10,0,2,0,0,0,0,0,0,0,0,0,0,0,0,0,0,0,0,0,0,0,0,0,0,0,0,0,0,0,0,0,0,0,0,0,0,0,0,0,0,0,0,0,0,0,0,0,0,0,0,0,0,0,0,0,0,0,0,0,0,0,0,0,0,0,0,0,0,0,0,0,0,0,9,2,0,0,0,0,0,1,0,0,0,1,0,3,0,0,0,0,2,0,0,0,5,0,8,10,5,3,0,1,3,0,0,10,0,0,0,0,1,0,0,0,0,0,0,0,6,0,1,0,0,0,0,0,0,0,0,1,0,0,0,0,0,0,0,0,0,0,0,0,0,0,0,5,0,0,0,0,0,0,0,0,0,0,0,0,0,0,0,0,0,0,0,both
1809,Villarejo de Salvanés,7552,12.102755,914,7090,23,89,8,68,251,0,23,0,0,0,1,21,0,0,210,0,0,0,4,0,0,12,0,0,0,0,0,0,12,2,0,0,0,391,0,0,0,0,11,0,0,0,1,1,0,0,0,0,0,0,0,4,0,0,0,0,0,0,0,0,0,0,0,0,0,0,0,0,0,0,0,0,0,0,0,1,1,0,0,0,0,0,0,55,0,0,0,0,0,1,0,0,0,0,0,0,0,0,0,0,0,0,0,0,0,0,0,0,0,0,0,0,3,1,0,0,0,0,0,8,0,0,0,0,0,14,0,3,0,0,8,0,0,0,5,0,8,37,2,11,0,25,14,0,5,22,0,0,0,0,0,0,15,0,0,0,0,0,0,0,0,0,0,0,0,0,0,0,0,0,0,5,0,0,0,0,0,0,0,0,0,0,0,0,0,0,0,0,0,0,0,0,0,0,0,0,0,0,0,0,0,0,0,0,0,both
1816,Villaviciosa de Odón,28030,14.206207,3982,24919,297,290,273,327,1436,0,478,10,1,1,6,21,0,6,1449,4,221,8,4,8,1,171,0,2,0,0,18,26,13,59,0,88,48,166,0,0,8,9,24,0,1,2,5,1,1,0,2,1,1,5,1,40,0,5,1,0,0,2,4,0,0,0,2,2,0,0,1,1,6,0,0,0,1,0,0,7,1,0,0,20,0,0,0,112,2,0,0,0,0,6,0,1,1,0,2,0,0,0,9,0,1,0,0,4,0,0,0,0,0,0,0,7,60,95,0,0,0,0,5,18,0,12,0,7,2,71,1,13,29,0,39,0,0,0,48,34,37,117,19,73,0,46,129,0,6,157,0,0,0,0,4,0,230,0,10,11,3,5,16,3,5,3,0,0,0,15,0,0,2,1,0,3,0,6,0,0,9,0,3,6,0,0,0,0,1,1,0,0,0,0,0,4,1,0,2,0,0,0,0,0,0,0,0,0,0,both
1821,Villavieja del Lozoya,276,9.42029,26,261,1,1,0,7,6,0,0,0,0,0,0,0,0,0,10,0,1,0,0,0,0,1,0,0,0,0,0,0,0,0,0,0,0,6,0,0,0,0,0,0,0,0,0,0,0,0,0,0,0,0,0,0,0,0,0,0,0,0,0,0,0,0,0,0,0,0,0,0,0,0,0,0,0,0,0,0,0,0,0,0,0,0,0,0,0,0,0,0,0,0,0,0,1,0,0,0,0,0,0,0,0,0,0,0,0,0,0,0,0,0,0,0,0,0,0,0,0,0,0,0,0,0,0,0,0,5,0,0,0,0,0,0,0,0,0,0,1,0,1,0,0,0,0,0,0,0,0,0,0,0,0,0,0,0,0,0,0,0,0,0,0,0,0,0,0,0,0,0,0,0,0,0,0,0,0,0,0,0,0,0,0,0,0,0,0,0,0,0,0,0,0,0,0,0,0,0,0,0,0,0,0,0,0,0,0,both
1837,Zarzalejo,1786,19.93281,356,1473,20,166,6,29,87,0,5,0,0,0,0,1,0,0,126,0,2,0,0,0,0,6,0,0,0,0,0,0,2,1,0,2,3,24,0,0,0,0,8,0,0,0,0,0,0,0,0,0,0,0,3,2,0,0,0,0,0,0,0,0,0,0,0,0,0,0,0,0,0,0,0,0,0,0,0,0,0,0,0,0,0,0,0,116,0,0,0,0,0,0,0,0,0,0,0,0,0,0,0,0,0,0,0,0,0,0,0,0,0,0,0,0,0,2,0,0,0,0,0,0,0,14,0,0,0,2,0,0,0,0,2,0,0,0,5,4,9,15,0,0,0,0,1,0,0,3,0,0,0,0,0,0,2,0,0,0,0,0,0,0,0,0,0,0,0,0,0,0,0,0,0,1,0,0,0,0,0,0,0,0,0,0,0,0,0,0,0,0,0,0,0,0,0,0,0,0,0,0,0,0,0,0,0,0,0,both
9015,Lozoyuela-Navas-Sieteiglesias,1407,21.321962,300,1291,9,52,6,10,34,0,5,0,0,0,0,7,0,0,51,0,5,0,0,0,0,4,0,0,0,0,0,0,1,1,0,4,0,159,0,0,3,0,4,0,0,0,0,0,0,0,0,0,0,0,0,0,0,0,0,0,0,0,0,0,0,0,0,0,0,0,0,0,0,0,0,0,0,0,0,0,0,0,0,0,0,0,0,37,0,0,0,0,0,0,0,0,0,0,0,0,0,0,0,0,0,0,0,0,0,0,0,0,0,0,0,0,2,0,0,0,0,0,2,0,0,0,0,0,0,4,0,0,0,0,0,0,0,0,0,4,0,5,0,0,0,0,2,0,0,2,0,0,0,0,0,0,3,0,0,0,0,0,0,0,0,0,0,0,0,0,0,0,0,0,0,0,0,0,0,0,0,0,0,0,0,0,0,0,0,0,0,0,0,0,0,0,0,0,0,0,0,0,0,0,0,0,0,0,0,both
9020,Puentes Viejas,719,11.821975,85,662,4,22,0,2,28,0,0,1,0,0,0,7,0,0,25,0,1,1,0,0,0,5,0,0,0,0,0,0,0,1,0,1,0,11,0,0,0,0,3,0,0,0,0,0,0,0,0,0,0,0,0,0,0,0,0,0,0,0,0,0,0,0,0,0,0,0,0,0,0,0,0,0,0,0,0,0,0,0,0,0,0,0,0,19,0,0,0,0,0,0,0,0,0,0,1,0,0,0,0,0,0,0,0,0,0,0,0,0,0,0,0,0,0,0,0,0,0,0,0,1,0,0,0,0,0,0,0,1,0,0,0,0,0,0,0,0,0,5,0,0,0,0,0,0,2,1,0,0,0,0,0,0,0,0,0,0,0,0,0,0,0,0,0,0,0,0,0,0,0,0,0,0,0,0,0,0,0,0,0,0,0,0,0,0,0,0,0,0,0,0,0,0,0,0,0,0,0,0,0,0,0,0,0,0,0,both
9036,Tres Cantos,48751,13.093064,6383,43665,529,340,289,451,3034,1,425,17,3,8,18,35,0,3,3145,5,78,14,12,25,3,290,0,2,1,0,6,32,64,169,0,155,84,343,0,0,5,5,58,3,5,3,8,0,7,4,7,1,6,0,0,49,0,10,0,0,0,1,8,0,0,0,1,4,0,3,3,0,6,0,0,1,2,4,0,6,0,0,0,1,0,0,0,82,1,0,0,0,0,2,0,4,0,0,1,0,0,0,0,0,0,0,0,1,0,0,0,0,0,0,0,12,59,41,0,0,0,0,3,45,0,9,0,14,0,30,1,18,7,0,34,0,0,1,61,56,55,114,38,51,0,77,301,0,2,277,0,1,0,0,3,0,154,0,13,10,0,4,25,0,16,6,0,0,0,1,0,0,0,0,1,6,0,10,0,0,5,0,4,8,4,0,0,0,0,1,1,0,0,1,1,0,5,0,0,0,0,0,0,0,0,0,0,0,0,both
0,0,0,,0,0,0,0,0,0,0,0,0,0,0,0,0,0,0,0,0,0,0,0,0,0,0,0,0,0,0,0,0,0,0,0,0,0,0,0,0,0,0,0,0,0,0,0,0,0,0,0,0,0,0,0,0,0,0,0,0,0,0,0,0,0,0,0,0,0,0,0,0,0,0,0,0,0,0,0,0,0,0,0,0,0,0,0,0,0,0,0,0,0,0,0,0,0,0,0,0,0,0,0,0,0,0,0,0,0,0,0,0,0,0,0,0,0,0,0,0,0,0,0,0,0,0,0,0,0,0,0,0,0,0,0,0,0,0,0,0,0,0,0,0,0,0,0,0,0,0,0,0,0,0,0,0,0,0,0,0,0,0,0,0,0,0,0,0,0,0,0,0,0,0,0,0,0,0,0,0,0,0,0,0,0,0,0,0,0,0,0,0,0,0,0,0,0,0,0,0,0,0,0,0,0,0,0,0,0,0,both
